STRUCTURE,STRUCTURE_ID,STRUCTURE_NAME,ACTION,REF_AREA,Reference area,FREQ,Frequency of observation,MEASURE,Measure,UNIT_MEASURE,Unit of measure,AGE,Age,SEX,Sex,STATISTICAL_OPERATION,Statistical operation,TIME_PERIOD,Time period,OBS_VALUE,Observation value,HSPA,HSPA,METHODOLOGY,Calculation methodology,TIME_RANGE,Time range,DECIMALS,Decimals,OBS_STATUS,Observation status,OBS_STATUS2,Observation status 2,OBS_STATUS3,Observation status 3,UNIT_MULT,Unit multiplier
DATAFLOW,OECD.ELS.HD:DSD_HCQO@DF_HCQO(1.0),Healthcare quality and outcomes,I,TUR,Türkiye,A,Annual,ADMRASTH,Asthma hospital admission,10P5HB,Per 100 000 inhabitants,Y_GE15,15 years or over,_T,Total,OBS,Observed,2017,,94.5,,,,AGE_SEX_STANDARD,Age and sex standardised rate,,,1,One,,,,,,,0,Units
DATAFLOW,OECD.ELS.HD:DSD_HCQO@DF_HCQO(1.0),Healthcare quality and outcomes,I,ITA,Italy,A,Annual,ADMRASTH,Asthma hospital admission,10P5HB,Per 100 000 inhabitants,Y_GE15,15 years or over,M,Male,OBS,Observed,2017,,7.2,,,,AGE_STANDARD,Age standardised rate,,,1,One,,,,,,,0,Units
DATAFLOW,OECD.ELS.HD:DSD_HCQO@DF_HCQO(1.0),Healthcare quality and outcomes,I,ITA,Italy,A,Annual,ADMRASTH,Asthma hospital admission,10P5HB,Per 100 000 inhabitants,Y_GE15,15 years or over,M,Male,OBS,Observed,2018,,7,,,,AGE_STANDARD,Age standardised rate,,,1,One,,,,,,,0,Units
DATAFLOW,OECD.ELS.HD:DSD_HCQO@DF_HCQO(1.0),Healthcare quality and outcomes,I,ISL,Iceland,A,Annual,ADMRASTH,Asthma hospital admission,10P5HB,Per 100 000 inhabitants,Y_GE15,15 years or over,F,Female,OBS,Observed,2018,,7.3,,,,AGE_STANDARD,Age standardised rate,,,1,One,,,,,,,0,Units
DATAFLOW,OECD.ELS.HD:DSD_HCQO@DF_HCQO(1.0),Healthcare quality and outcomes,I,ISL,Iceland,A,Annual,ADMRASTH,Asthma hospital admission,10P5HB,Per 100 000 inhabitants,Y_GE15,15 years or over,F,Female,OBS,Observed,2016,,14.9,,,,AGE_STANDARD,Age standardised rate,,,1,One,,,,,,,0,Units
DATAFLOW,OECD.ELS.HD:DSD_HCQO@DF_HCQO(1.0),Healthcare quality and outcomes,I,SGP,Singapore,A,Annual,ADMRASTH,Asthma hospital admission,10P5HB,Per 100 000 inhabitants,Y_GE15,15 years or over,_T,Total,OBS,Observed,2017,,112.3,,,,AGE_SEX_STANDARD,Age and sex standardised rate,,,1,One,,,,,,,0,Units
DATAFLOW,OECD.ELS.HD:DSD_HCQO@DF_HCQO(1.0),Healthcare quality and outcomes,I,SGP,Singapore,A,Annual,ADMRASTH,Asthma hospital admission,10P5HB,Per 100 000 inhabitants,Y_GE15,15 years or over,_T,Total,OBS,Observed,2018,,113.1,,,,AGE_SEX_STANDARD,Age and sex standardised rate,,,1,One,,,,,,,0,Units
DATAFLOW,OECD.ELS.HD:DSD_HCQO@DF_HCQO(1.0),Healthcare quality and outcomes,I,POL,Poland,A,Annual,ADMRASTH,Asthma hospital admission,10P5HB,Per 100 000 inhabitants,Y_GE15,15 years or over,F,Female,OBS,Observed,2017,,103.5,,,,AGE_STANDARD,Age standardised rate,,,1,One,,,,,,,0,Units
DATAFLOW,OECD.ELS.HD:DSD_HCQO@DF_HCQO(1.0),Healthcare quality and outcomes,I,POL,Poland,A,Annual,ADMRASTH,Asthma hospital admission,10P5HB,Per 100 000 inhabitants,Y_GE15,15 years or over,F,Female,OBS,Observed,2018,,95.1,,,,AGE_STANDARD,Age standardised rate,,,1,One,,,,,,,0,Units
DATAFLOW,OECD.ELS.HD:DSD_HCQO@DF_HCQO(1.0),Healthcare quality and outcomes,I,AUS,Australia,A,Annual,ADMRASTH,Asthma hospital admission,10P5HB,Per 100 000 inhabitants,Y_GE15,15 years or over,_T,Total,OBS,Observed,2017,,67.8,,,,AGE_SEX_STANDARD,Age and sex standardised rate,,,1,One,,,,,,,0,Units
DATAFLOW,OECD.ELS.HD:DSD_HCQO@DF_HCQO(1.0),Healthcare quality and outcomes,I,AUS,Australia,A,Annual,ADMRASTH,Asthma hospital admission,10P5HB,Per 100 000 inhabitants,Y_GE15,15 years or over,_T,Total,OBS,Observed,2018,,65.2,,,,AGE_SEX_STANDARD,Age and sex standardised rate,,,1,One,,,,,,,0,Units
DATAFLOW,OECD.ELS.HD:DSD_HCQO@DF_HCQO(1.0),Healthcare quality and outcomes,I,MLT,Malta,A,Annual,ADMRASTH,Asthma hospital admission,10P5HB,Per 100 000 inhabitants,Y_GE15,15 years or over,_T,Total,OBS,Observed,2017,,91.1,,,,AGE_SEX_STANDARD,Age and sex standardised rate,,,1,One,,,,,,,0,Units
DATAFLOW,OECD.ELS.HD:DSD_HCQO@DF_HCQO(1.0),Healthcare quality and outcomes,I,MLT,Malta,A,Annual,ADMRASTH,Asthma hospital admission,10P5HB,Per 100 000 inhabitants,Y_GE15,15 years or over,_T,Total,OBS,Observed,2018,,96.2,,,,AGE_SEX_STANDARD,Age and sex standardised rate,,,1,One,,,,,,,0,Units
DATAFLOW,OECD.ELS.HD:DSD_HCQO@DF_HCQO(1.0),Healthcare quality and outcomes,I,CHL,Chile,A,Annual,ADMRASTH,Asthma hospital admission,10P5HB,Per 100 000 inhabitants,Y_GE15,15 years or over,_T,Total,OBS,Observed,2017,,19.1,,,,AGE_SEX_STANDARD,Age and sex standardised rate,,,1,One,,,,,,,0,Units
DATAFLOW,OECD.ELS.HD:DSD_HCQO@DF_HCQO(1.0),Healthcare quality and outcomes,I,CHL,Chile,A,Annual,ADMRASTH,Asthma hospital admission,10P5HB,Per 100 000 inhabitants,Y_GE15,15 years or over,_T,Total,OBS,Observed,2018,,17.1,,,,AGE_SEX_STANDARD,Age and sex standardised rate,,,1,One,,,,,,,0,Units
DATAFLOW,OECD.ELS.HD:DSD_HCQO@DF_HCQO(1.0),Healthcare quality and outcomes,I,CHL,Chile,A,Annual,ADMRASTH,Asthma hospital admission,10P5HB,Per 100 000 inhabitants,Y_GE15,15 years or over,M,Male,OBS,Observed,2017,,12.4,,,,AGE_STANDARD,Age standardised rate,,,1,One,,,,,,,0,Units
DATAFLOW,OECD.ELS.HD:DSD_HCQO@DF_HCQO(1.0),Healthcare quality and outcomes,I,CHL,Chile,A,Annual,ADMRASTH,Asthma hospital admission,10P5HB,Per 100 000 inhabitants,Y_GE15,15 years or over,M,Male,OBS,Observed,2018,,11.8,,,,AGE_STANDARD,Age standardised rate,,,1,One,,,,,,,0,Units
DATAFLOW,OECD.ELS.HD:DSD_HCQO@DF_HCQO(1.0),Healthcare quality and outcomes,I,GBR,United Kingdom,A,Annual,ADMRASTH,Asthma hospital admission,10P5HB,Per 100 000 inhabitants,Y_GE15,15 years or over,F,Female,OBS,Observed,2017,,102.9,,,,AGE_STANDARD,Age standardised rate,,,1,One,,,,,,,0,Units
DATAFLOW,OECD.ELS.HD:DSD_HCQO@DF_HCQO(1.0),Healthcare quality and outcomes,I,GBR,United Kingdom,A,Annual,ADMRASTH,Asthma hospital admission,10P5HB,Per 100 000 inhabitants,Y_GE15,15 years or over,F,Female,OBS,Observed,2018,,105.6,,,,AGE_STANDARD,Age standardised rate,,,1,One,,,,,,,0,Units
DATAFLOW,OECD.ELS.HD:DSD_HCQO@DF_HCQO(1.0),Healthcare quality and outcomes,I,NLD,Netherlands,A,Annual,ADMRASTH,Asthma hospital admission,10P5HB,Per 100 000 inhabitants,Y_GE15,15 years or over,M,Male,OBS,Observed,2016,,21.8,,,,AGE_STANDARD,Age standardised rate,,,1,One,,,,,,,0,Units
DATAFLOW,OECD.ELS.HD:DSD_HCQO@DF_HCQO(1.0),Healthcare quality and outcomes,I,NLD,Netherlands,A,Annual,ADMRASTH,Asthma hospital admission,10P5HB,Per 100 000 inhabitants,Y_GE15,15 years or over,M,Male,OBS,Observed,2017,,21.8,,,,AGE_STANDARD,Age standardised rate,,,1,One,,,,,,,0,Units
DATAFLOW,OECD.ELS.HD:DSD_HCQO@DF_HCQO(1.0),Healthcare quality and outcomes,I,NLD,Netherlands,A,Annual,ADMRASTH,Asthma hospital admission,10P5HB,Per 100 000 inhabitants,Y_GE15,15 years or over,_T,Total,OBS,Observed,2017,,36.8,,,,AGE_SEX_STANDARD,Age and sex standardised rate,,,1,One,,,,,,,0,Units
DATAFLOW,OECD.ELS.HD:DSD_HCQO@DF_HCQO(1.0),Healthcare quality and outcomes,I,NLD,Netherlands,A,Annual,ADMRASTH,Asthma hospital admission,10P5HB,Per 100 000 inhabitants,Y_GE15,15 years or over,_T,Total,OBS,Observed,2018,,33.4,,,,AGE_SEX_STANDARD,Age and sex standardised rate,,,1,One,,,,,,,0,Units
DATAFLOW,OECD.ELS.HD:DSD_HCQO@DF_HCQO(1.0),Healthcare quality and outcomes,I,GBR,United Kingdom,A,Annual,ADMRASTH,Asthma hospital admission,10P5HB,Per 100 000 inhabitants,Y_GE15,15 years or over,_T,Total,OBS,Observed,2017,,73.4,,,,AGE_SEX_STANDARD,Age and sex standardised rate,,,1,One,,,,,,,0,Units
DATAFLOW,OECD.ELS.HD:DSD_HCQO@DF_HCQO(1.0),Healthcare quality and outcomes,I,GBR,United Kingdom,A,Annual,ADMRASTH,Asthma hospital admission,10P5HB,Per 100 000 inhabitants,Y_GE15,15 years or over,_T,Total,OBS,Observed,2018,,75.3,,,,AGE_SEX_STANDARD,Age and sex standardised rate,,,1,One,,,,,,,0,Units
DATAFLOW,OECD.ELS.HD:DSD_HCQO@DF_HCQO(1.0),Healthcare quality and outcomes,I,LVA,Latvia,A,Annual,ADMRASTH,Asthma hospital admission,10P5HB,Per 100 000 inhabitants,Y_GE15,15 years or over,_T,Total,OBS,Observed,2017,,104.3,,,,AGE_SEX_STANDARD,Age and sex standardised rate,,,1,One,,,,,,,0,Units
DATAFLOW,OECD.ELS.HD:DSD_HCQO@DF_HCQO(1.0),Healthcare quality and outcomes,I,LVA,Latvia,A,Annual,ADMRASTH,Asthma hospital admission,10P5HB,Per 100 000 inhabitants,Y_GE15,15 years or over,_T,Total,OBS,Observed,2018,,102.7,,,,AGE_SEX_STANDARD,Age and sex standardised rate,,,1,One,,,,,,,0,Units
DATAFLOW,OECD.ELS.HD:DSD_HCQO@DF_HCQO(1.0),Healthcare quality and outcomes,I,AUT,Austria,A,Annual,ADMRASTH,Asthma hospital admission,10P5HB,Per 100 000 inhabitants,Y_GE15,15 years or over,F,Female,OBS,Observed,2017,,24.9,,,,AGE_STANDARD,Age standardised rate,,,1,One,,,,,,,0,Units
DATAFLOW,OECD.ELS.HD:DSD_HCQO@DF_HCQO(1.0),Healthcare quality and outcomes,I,AUT,Austria,A,Annual,ADMRASTH,Asthma hospital admission,10P5HB,Per 100 000 inhabitants,Y_GE15,15 years or over,F,Female,OBS,Observed,2018,,24.5,,,,AGE_STANDARD,Age standardised rate,,,1,One,,,,,,,0,Units
DATAFLOW,OECD.ELS.HD:DSD_HCQO@DF_HCQO(1.0),Healthcare quality and outcomes,I,SGP,Singapore,A,Annual,ADMRASTH,Asthma hospital admission,10P5HB,Per 100 000 inhabitants,Y_GE15,15 years or over,M,Male,OBS,Observed,2017,,71.9,,,,AGE_STANDARD,Age standardised rate,,,1,One,,,,,,,0,Units
DATAFLOW,OECD.ELS.HD:DSD_HCQO@DF_HCQO(1.0),Healthcare quality and outcomes,I,SGP,Singapore,A,Annual,ADMRASTH,Asthma hospital admission,10P5HB,Per 100 000 inhabitants,Y_GE15,15 years or over,M,Male,OBS,Observed,2018,,74.7,,,,AGE_STANDARD,Age standardised rate,,,1,One,,,,,,,0,Units
DATAFLOW,OECD.ELS.HD:DSD_HCQO@DF_HCQO(1.0),Healthcare quality and outcomes,I,SVK,Slovak Republic,A,Annual,ADMRASTH,Asthma hospital admission,10P5HB,Per 100 000 inhabitants,Y_GE15,15 years or over,M,Male,OBS,Observed,2017,,58.7,,,,AGE_STANDARD,Age standardised rate,,,1,One,,,,,,,0,Units
DATAFLOW,OECD.ELS.HD:DSD_HCQO@DF_HCQO(1.0),Healthcare quality and outcomes,I,SVK,Slovak Republic,A,Annual,ADMRASTH,Asthma hospital admission,10P5HB,Per 100 000 inhabitants,Y_GE15,15 years or over,M,Male,OBS,Observed,2018,,53,,,,AGE_STANDARD,Age standardised rate,,,1,One,,,,,,,0,Units
DATAFLOW,OECD.ELS.HD:DSD_HCQO@DF_HCQO(1.0),Healthcare quality and outcomes,I,CAN,Canada,A,Annual,ADMRASTH,Asthma hospital admission,10P5HB,Per 100 000 inhabitants,Y_GE15,15 years or over,F,Female,OBS,Observed,2017,,20.1,,,,AGE_STANDARD,Age standardised rate,,,1,One,,,,,,,0,Units
DATAFLOW,OECD.ELS.HD:DSD_HCQO@DF_HCQO(1.0),Healthcare quality and outcomes,I,CAN,Canada,A,Annual,ADMRASTH,Asthma hospital admission,10P5HB,Per 100 000 inhabitants,Y_GE15,15 years or over,F,Female,OBS,Observed,2018,,19.8,,,,AGE_STANDARD,Age standardised rate,,,1,One,,,,,,,0,Units
DATAFLOW,OECD.ELS.HD:DSD_HCQO@DF_HCQO(1.0),Healthcare quality and outcomes,I,TUR,Türkiye,A,Annual,ADMRASTH,Asthma hospital admission,10P5HB,Per 100 000 inhabitants,Y_GE15,15 years or over,M,Male,OBS,Observed,2017,,33.2,,,,AGE_STANDARD,Age standardised rate,,,1,One,,,,,,,0,Units
DATAFLOW,OECD.ELS.HD:DSD_HCQO@DF_HCQO(1.0),Healthcare quality and outcomes,I,DNK,Denmark,A,Annual,ADMRASTH,Asthma hospital admission,10P5HB,Per 100 000 inhabitants,Y_GE15,15 years or over,M,Male,OBS,Observed,2018,,35.8,,,,AGE_STANDARD,Age standardised rate,,,1,One,,,,,,,0,Units
DATAFLOW,OECD.ELS.HD:DSD_HCQO@DF_HCQO(1.0),Healthcare quality and outcomes,I,DNK,Denmark,A,Annual,ADMRASTH,Asthma hospital admission,10P5HB,Per 100 000 inhabitants,Y_GE15,15 years or over,M,Male,OBS,Observed,2016,,38.4,,,,AGE_STANDARD,Age standardised rate,,,1,One,,,,,,,0,Units
DATAFLOW,OECD.ELS.HD:DSD_HCQO@DF_HCQO(1.0),Healthcare quality and outcomes,I,MEX,Mexico,A,Annual,ADMRASTH,Asthma hospital admission,10P5HB,Per 100 000 inhabitants,Y_GE15,15 years or over,_T,Total,OBS,Observed,2017,,8.6,,,,AGE_SEX_STANDARD,Age and sex standardised rate,,,1,One,,,,,,,0,Units
DATAFLOW,OECD.ELS.HD:DSD_HCQO@DF_HCQO(1.0),Healthcare quality and outcomes,I,MEX,Mexico,A,Annual,ADMRASTH,Asthma hospital admission,10P5HB,Per 100 000 inhabitants,Y_GE15,15 years or over,_T,Total,OBS,Observed,2018,,7.3,,,,AGE_SEX_STANDARD,Age and sex standardised rate,,,1,One,,,,,,,0,Units
DATAFLOW,OECD.ELS.HD:DSD_HCQO@DF_HCQO(1.0),Healthcare quality and outcomes,I,ROU,Romania,A,Annual,ADMRASTH,Asthma hospital admission,10P5HB,Per 100 000 inhabitants,Y_GE15,15 years or over,F,Female,OBS,Observed,2017,,43.9,,,,AGE_STANDARD,Age standardised rate,,,1,One,,,,,,,0,Units
DATAFLOW,OECD.ELS.HD:DSD_HCQO@DF_HCQO(1.0),Healthcare quality and outcomes,I,ROU,Romania,A,Annual,ADMRASTH,Asthma hospital admission,10P5HB,Per 100 000 inhabitants,Y_GE15,15 years or over,F,Female,OBS,Observed,2018,,41.9,,,,AGE_STANDARD,Age standardised rate,,,1,One,,,,,,,0,Units
DATAFLOW,OECD.ELS.HD:DSD_HCQO@DF_HCQO(1.0),Healthcare quality and outcomes,I,POL,Poland,A,Annual,ADMRASTH,Asthma hospital admission,10P5HB,Per 100 000 inhabitants,Y_GE15,15 years or over,_T,Total,OBS,Observed,2018,,80.1,,,,AGE_SEX_STANDARD,Age and sex standardised rate,,,1,One,,,,,,,0,Units
DATAFLOW,OECD.ELS.HD:DSD_HCQO@DF_HCQO(1.0),Healthcare quality and outcomes,I,POL,Poland,A,Annual,ADMRASTH,Asthma hospital admission,10P5HB,Per 100 000 inhabitants,Y_GE15,15 years or over,_T,Total,OBS,Observed,2016,,89.2,,,,AGE_SEX_STANDARD,Age and sex standardised rate,,,1,One,,,,,,,0,Units
DATAFLOW,OECD.ELS.HD:DSD_HCQO@DF_HCQO(1.0),Healthcare quality and outcomes,I,CZE,Czechia,A,Annual,ADMRASTH,Asthma hospital admission,10P5HB,Per 100 000 inhabitants,Y_GE15,15 years or over,_T,Total,OBS,Observed,2016,,32.6,,,,AGE_SEX_STANDARD,Age and sex standardised rate,,,1,One,,,,,,,0,Units
DATAFLOW,OECD.ELS.HD:DSD_HCQO@DF_HCQO(1.0),Healthcare quality and outcomes,I,CZE,Czechia,A,Annual,ADMRASTH,Asthma hospital admission,10P5HB,Per 100 000 inhabitants,Y_GE15,15 years or over,_T,Total,OBS,Observed,2017,,30.5,,,,AGE_SEX_STANDARD,Age and sex standardised rate,,,1,One,,,,,,,0,Units
DATAFLOW,OECD.ELS.HD:DSD_HCQO@DF_HCQO(1.0),Healthcare quality and outcomes,I,LTU,Lithuania,A,Annual,ADMRASTH,Asthma hospital admission,10P5HB,Per 100 000 inhabitants,Y_GE15,15 years or over,F,Female,OBS,Observed,2017,,60.8,,,,AGE_STANDARD,Age standardised rate,,,1,One,,,,,,,0,Units
DATAFLOW,OECD.ELS.HD:DSD_HCQO@DF_HCQO(1.0),Healthcare quality and outcomes,I,LTU,Lithuania,A,Annual,ADMRASTH,Asthma hospital admission,10P5HB,Per 100 000 inhabitants,Y_GE15,15 years or over,F,Female,OBS,Observed,2018,,56.7,,,,AGE_STANDARD,Age standardised rate,,,1,One,,,,,,,0,Units
DATAFLOW,OECD.ELS.HD:DSD_HCQO@DF_HCQO(1.0),Healthcare quality and outcomes,I,AUS,Australia,A,Annual,ADMRASTH,Asthma hospital admission,10P5HB,Per 100 000 inhabitants,Y_GE15,15 years or over,F,Female,OBS,Observed,2016,,101.7,,,,AGE_STANDARD,Age standardised rate,,,1,One,,,,,,,0,Units
DATAFLOW,OECD.ELS.HD:DSD_HCQO@DF_HCQO(1.0),Healthcare quality and outcomes,I,AUS,Australia,A,Annual,ADMRASTH,Asthma hospital admission,10P5HB,Per 100 000 inhabitants,Y_GE15,15 years or over,F,Female,OBS,Observed,2017,,95.5,,,,AGE_STANDARD,Age standardised rate,,,1,One,,,,,,,0,Units
DATAFLOW,OECD.ELS.HD:DSD_HCQO@DF_HCQO(1.0),Healthcare quality and outcomes,I,MLT,Malta,A,Annual,ADMRASTH,Asthma hospital admission,10P5HB,Per 100 000 inhabitants,Y_GE15,15 years or over,F,Female,OBS,Observed,2017,,114.4,,,,AGE_STANDARD,Age standardised rate,,,1,One,,,,,,,0,Units
DATAFLOW,OECD.ELS.HD:DSD_HCQO@DF_HCQO(1.0),Healthcare quality and outcomes,I,MLT,Malta,A,Annual,ADMRASTH,Asthma hospital admission,10P5HB,Per 100 000 inhabitants,Y_GE15,15 years or over,F,Female,OBS,Observed,2018,,129.1,,,,AGE_STANDARD,Age standardised rate,,,1,One,,,,,,,0,Units
DATAFLOW,OECD.ELS.HD:DSD_HCQO@DF_HCQO(1.0),Healthcare quality and outcomes,I,CHL,Chile,A,Annual,ADMRASTH,Asthma hospital admission,10P5HB,Per 100 000 inhabitants,Y_GE15,15 years or over,F,Female,OBS,Observed,2017,,25.3,,,,AGE_STANDARD,Age standardised rate,,,1,One,,,,,,,0,Units
DATAFLOW,OECD.ELS.HD:DSD_HCQO@DF_HCQO(1.0),Healthcare quality and outcomes,I,CHL,Chile,A,Annual,ADMRASTH,Asthma hospital admission,10P5HB,Per 100 000 inhabitants,Y_GE15,15 years or over,F,Female,OBS,Observed,2018,,21.9,,,,AGE_STANDARD,Age standardised rate,,,1,One,,,,,,,0,Units
DATAFLOW,OECD.ELS.HD:DSD_HCQO@DF_HCQO(1.0),Healthcare quality and outcomes,I,ISR,Israel,A,Annual,ADMRASTH,Asthma hospital admission,10P5HB,Per 100 000 inhabitants,Y_GE15,15 years or over,M,Male,OBS,Observed,2016,,32.2,,,,AGE_STANDARD,Age standardised rate,,,1,One,,,,,,,0,Units
DATAFLOW,OECD.ELS.HD:DSD_HCQO@DF_HCQO(1.0),Healthcare quality and outcomes,I,ISR,Israel,A,Annual,ADMRASTH,Asthma hospital admission,10P5HB,Per 100 000 inhabitants,Y_GE15,15 years or over,M,Male,OBS,Observed,2017,,27.7,,,,AGE_STANDARD,Age standardised rate,,,1,One,,,,,,,0,Units
DATAFLOW,OECD.ELS.HD:DSD_HCQO@DF_HCQO(1.0),Healthcare quality and outcomes,I,KOR,Korea,A,Annual,ADMRASTH,Asthma hospital admission,10P5HB,Per 100 000 inhabitants,Y_GE15,15 years or over,_T,Total,OBS,Observed,2017,,85.6,,,,AGE_SEX_STANDARD,Age and sex standardised rate,,,1,One,,,,,,,0,Units
DATAFLOW,OECD.ELS.HD:DSD_HCQO@DF_HCQO(1.0),Healthcare quality and outcomes,I,KOR,Korea,A,Annual,ADMRASTH,Asthma hospital admission,10P5HB,Per 100 000 inhabitants,Y_GE15,15 years or over,_T,Total,OBS,Observed,2018,,79,,,,AGE_SEX_STANDARD,Age and sex standardised rate,,,1,One,,,,,,,0,Units
DATAFLOW,OECD.ELS.HD:DSD_HCQO@DF_HCQO(1.0),Healthcare quality and outcomes,I,SVK,Slovak Republic,A,Annual,ADMRASTH,Asthma hospital admission,10P5HB,Per 100 000 inhabitants,Y_GE15,15 years or over,_T,Total,OBS,Observed,2017,,85.6,,,,AGE_SEX_STANDARD,Age and sex standardised rate,,,1,One,,,,,,,0,Units
DATAFLOW,OECD.ELS.HD:DSD_HCQO@DF_HCQO(1.0),Healthcare quality and outcomes,I,SVK,Slovak Republic,A,Annual,ADMRASTH,Asthma hospital admission,10P5HB,Per 100 000 inhabitants,Y_GE15,15 years or over,_T,Total,OBS,Observed,2018,,78.3,,,,AGE_SEX_STANDARD,Age and sex standardised rate,,,1,One,,,,,,,0,Units
DATAFLOW,OECD.ELS.HD:DSD_HCQO@DF_HCQO(1.0),Healthcare quality and outcomes,I,CRI,Costa Rica,A,Annual,ADMRASTH,Asthma hospital admission,10P5HB,Per 100 000 inhabitants,Y_GE15,15 years or over,_T,Total,OBS,Observed,2017,,27.8,,,,AGE_SEX_STANDARD,Age and sex standardised rate,,,1,One,,,,,,,0,Units
DATAFLOW,OECD.ELS.HD:DSD_HCQO@DF_HCQO(1.0),Healthcare quality and outcomes,I,MEX,Mexico,A,Annual,ADMRASTH,Asthma hospital admission,10P5HB,Per 100 000 inhabitants,Y_GE15,15 years or over,M,Male,OBS,Observed,2018,,4,,,,AGE_STANDARD,Age standardised rate,,,1,One,,,,,,,0,Units
DATAFLOW,OECD.ELS.HD:DSD_HCQO@DF_HCQO(1.0),Healthcare quality and outcomes,I,MEX,Mexico,A,Annual,ADMRASTH,Asthma hospital admission,10P5HB,Per 100 000 inhabitants,Y_GE15,15 years or over,M,Male,OBS,Observed,2016,,5.4,,,,AGE_STANDARD,Age standardised rate,,,1,One,,,,,,,0,Units
DATAFLOW,OECD.ELS.HD:DSD_HCQO@DF_HCQO(1.0),Healthcare quality and outcomes,I,CZE,Czechia,A,Annual,ADMRASTH,Asthma hospital admission,10P5HB,Per 100 000 inhabitants,Y_GE15,15 years or over,M,Male,OBS,Observed,2017,,18.7,,,,AGE_STANDARD,Age standardised rate,,,1,One,,,,,,,0,Units
DATAFLOW,OECD.ELS.HD:DSD_HCQO@DF_HCQO(1.0),Healthcare quality and outcomes,I,CZE,Czechia,A,Annual,ADMRASTH,Asthma hospital admission,10P5HB,Per 100 000 inhabitants,Y_GE15,15 years or over,M,Male,OBS,Observed,2018,,17.7,,,,AGE_STANDARD,Age standardised rate,,,1,One,,,,,,,0,Units
DATAFLOW,OECD.ELS.HD:DSD_HCQO@DF_HCQO(1.0),Healthcare quality and outcomes,I,BEL,Belgium,A,Annual,ADMRASTH,Asthma hospital admission,10P5HB,Per 100 000 inhabitants,Y_GE15,15 years or over,_T,Total,OBS,Observed,2016,,31.7,,,,AGE_SEX_STANDARD,Age and sex standardised rate,,,1,One,,,,,,,0,Units
DATAFLOW,OECD.ELS.HD:DSD_HCQO@DF_HCQO(1.0),Healthcare quality and outcomes,I,BEL,Belgium,A,Annual,ADMRASTH,Asthma hospital admission,10P5HB,Per 100 000 inhabitants,Y_GE15,15 years or over,_T,Total,OBS,Observed,2017,,29.5,,,,AGE_SEX_STANDARD,Age and sex standardised rate,,,1,One,,,,,,,0,Units
DATAFLOW,OECD.ELS.HD:DSD_HCQO@DF_HCQO(1.0),Healthcare quality and outcomes,I,ITA,Italy,A,Annual,ADMRASTH,Asthma hospital admission,10P5HB,Per 100 000 inhabitants,Y_GE15,15 years or over,F,Female,OBS,Observed,2017,,11.8,,,,AGE_STANDARD,Age standardised rate,,,1,One,,,,,,,0,Units
DATAFLOW,OECD.ELS.HD:DSD_HCQO@DF_HCQO(1.0),Healthcare quality and outcomes,I,ITA,Italy,A,Annual,ADMRASTH,Asthma hospital admission,10P5HB,Per 100 000 inhabitants,Y_GE15,15 years or over,F,Female,OBS,Observed,2018,,10.8,,,,AGE_STANDARD,Age standardised rate,,,1,One,,,,,,,0,Units
DATAFLOW,OECD.ELS.HD:DSD_HCQO@DF_HCQO(1.0),Healthcare quality and outcomes,I,NOR,Norway,A,Annual,ADMRASTH,Asthma hospital admission,10P5HB,Per 100 000 inhabitants,Y_GE15,15 years or over,M,Male,OBS,Observed,2017,,15.7,,,,AGE_STANDARD,Age standardised rate,,,1,One,,,,,,,0,Units
DATAFLOW,OECD.ELS.HD:DSD_HCQO@DF_HCQO(1.0),Healthcare quality and outcomes,I,NOR,Norway,A,Annual,ADMRASTH,Asthma hospital admission,10P5HB,Per 100 000 inhabitants,Y_GE15,15 years or over,M,Male,OBS,Observed,2018,,15.9,,,,AGE_STANDARD,Age standardised rate,,,1,One,,,,,,,0,Units
DATAFLOW,OECD.ELS.HD:DSD_HCQO@DF_HCQO(1.0),Healthcare quality and outcomes,I,PRT,Portugal,A,Annual,ADMRASTH,Asthma hospital admission,10P5HB,Per 100 000 inhabitants,Y_GE15,15 years or over,_T,Total,OBS,Observed,2017,,13.2,,,,AGE_SEX_STANDARD,Age and sex standardised rate,,,1,One,,,,,,,0,Units
DATAFLOW,OECD.ELS.HD:DSD_HCQO@DF_HCQO(1.0),Healthcare quality and outcomes,I,PRT,Portugal,A,Annual,ADMRASTH,Asthma hospital admission,10P5HB,Per 100 000 inhabitants,Y_GE15,15 years or over,_T,Total,OBS,Observed,2018,,12.9,,,,AGE_SEX_STANDARD,Age and sex standardised rate,,,1,One,,,,,,,0,Units
DATAFLOW,OECD.ELS.HD:DSD_HCQO@DF_HCQO(1.0),Healthcare quality and outcomes,I,IRL,Ireland,A,Annual,ADMRASTH,Asthma hospital admission,10P5HB,Per 100 000 inhabitants,Y_GE15,15 years or over,M,Male,OBS,Observed,2017,,30.6,,,,AGE_STANDARD,Age standardised rate,,,1,One,,,,,,,0,Units
DATAFLOW,OECD.ELS.HD:DSD_HCQO@DF_HCQO(1.0),Healthcare quality and outcomes,I,IRL,Ireland,A,Annual,ADMRASTH,Asthma hospital admission,10P5HB,Per 100 000 inhabitants,Y_GE15,15 years or over,M,Male,OBS,Observed,2018,,27.3,,,,AGE_STANDARD,Age standardised rate,,,1,One,,,,,,,0,Units
DATAFLOW,OECD.ELS.HD:DSD_HCQO@DF_HCQO(1.0),Healthcare quality and outcomes,I,CAN,Canada,A,Annual,ADMRASTH,Asthma hospital admission,10P5HB,Per 100 000 inhabitants,Y_GE15,15 years or over,M,Male,OBS,Observed,2016,,8.7,,,,AGE_STANDARD,Age standardised rate,,,1,One,,,,,,,0,Units
DATAFLOW,OECD.ELS.HD:DSD_HCQO@DF_HCQO(1.0),Healthcare quality and outcomes,I,CAN,Canada,A,Annual,ADMRASTH,Asthma hospital admission,10P5HB,Per 100 000 inhabitants,Y_GE15,15 years or over,M,Male,OBS,Observed,2017,,9.3,,,,AGE_STANDARD,Age standardised rate,,,1,One,,,,,,,0,Units
DATAFLOW,OECD.ELS.HD:DSD_HCQO@DF_HCQO(1.0),Healthcare quality and outcomes,I,ESP,Spain,A,Annual,ADMRASTH,Asthma hospital admission,10P5HB,Per 100 000 inhabitants,Y_GE15,15 years or over,_T,Total,OBS,Observed,2017,,36.2,,,,AGE_SEX_STANDARD,Age and sex standardised rate,,,1,One,,,,,,,0,Units
DATAFLOW,OECD.ELS.HD:DSD_HCQO@DF_HCQO(1.0),Healthcare quality and outcomes,I,ESP,Spain,A,Annual,ADMRASTH,Asthma hospital admission,10P5HB,Per 100 000 inhabitants,Y_GE15,15 years or over,_T,Total,OBS,Observed,2018,,37.3,,,,AGE_SEX_STANDARD,Age and sex standardised rate,,,1,One,,,,,,,0,Units
DATAFLOW,OECD.ELS.HD:DSD_HCQO@DF_HCQO(1.0),Healthcare quality and outcomes,I,DNK,Denmark,A,Annual,ADMRASTH,Asthma hospital admission,10P5HB,Per 100 000 inhabitants,Y_GE15,15 years or over,_T,Total,OBS,Observed,2017,,62,,,,AGE_SEX_STANDARD,Age and sex standardised rate,,,1,One,,,,,,,0,Units
DATAFLOW,OECD.ELS.HD:DSD_HCQO@DF_HCQO(1.0),Healthcare quality and outcomes,I,DNK,Denmark,A,Annual,ADMRASTH,Asthma hospital admission,10P5HB,Per 100 000 inhabitants,Y_GE15,15 years or over,_T,Total,OBS,Observed,2018,,60.3,,,,AGE_SEX_STANDARD,Age and sex standardised rate,,,1,One,,,,,,,0,Units
DATAFLOW,OECD.ELS.HD:DSD_HCQO@DF_HCQO(1.0),Healthcare quality and outcomes,I,NLD,Netherlands,A,Annual,ADMRASTH,Asthma hospital admission,10P5HB,Per 100 000 inhabitants,Y_GE15,15 years or over,F,Female,OBS,Observed,2017,,50.3,,,,AGE_STANDARD,Age standardised rate,,,1,One,,,,,,,0,Units
DATAFLOW,OECD.ELS.HD:DSD_HCQO@DF_HCQO(1.0),Healthcare quality and outcomes,I,NLD,Netherlands,A,Annual,ADMRASTH,Asthma hospital admission,10P5HB,Per 100 000 inhabitants,Y_GE15,15 years or over,F,Female,OBS,Observed,2018,,45.4,,,,AGE_STANDARD,Age standardised rate,,,1,One,,,,,,,0,Units
DATAFLOW,OECD.ELS.HD:DSD_HCQO@DF_HCQO(1.0),Healthcare quality and outcomes,I,DNK,Denmark,A,Annual,ADMRASTH,Asthma hospital admission,10P5HB,Per 100 000 inhabitants,Y_GE15,15 years or over,F,Female,OBS,Observed,2017,,83.7,,,,AGE_STANDARD,Age standardised rate,,,1,One,,,,,,,0,Units
DATAFLOW,OECD.ELS.HD:DSD_HCQO@DF_HCQO(1.0),Healthcare quality and outcomes,I,DNK,Denmark,A,Annual,ADMRASTH,Asthma hospital admission,10P5HB,Per 100 000 inhabitants,Y_GE15,15 years or over,F,Female,OBS,Observed,2018,,83.4,,,,AGE_STANDARD,Age standardised rate,,,1,One,,,,,,,0,Units
DATAFLOW,OECD.ELS.HD:DSD_HCQO@DF_HCQO(1.0),Healthcare quality and outcomes,I,COL,Colombia,A,Annual,ADMRASTH,Asthma hospital admission,10P5HB,Per 100 000 inhabitants,Y_GE15,15 years or over,_T,Total,OBS,Observed,2017,,12.1,,,,AGE_SEX_STANDARD,Age and sex standardised rate,,,1,One,,,,,,,0,Units
DATAFLOW,OECD.ELS.HD:DSD_HCQO@DF_HCQO(1.0),Healthcare quality and outcomes,I,NOR,Norway,A,Annual,ADMRASTH,Asthma hospital admission,10P5HB,Per 100 000 inhabitants,Y_GE15,15 years or over,F,Female,OBS,Observed,2017,,33.3,,,,AGE_STANDARD,Age standardised rate,,,1,One,,,,,,,0,Units
DATAFLOW,OECD.ELS.HD:DSD_HCQO@DF_HCQO(1.0),Healthcare quality and outcomes,I,NOR,Norway,A,Annual,ADMRASTH,Asthma hospital admission,10P5HB,Per 100 000 inhabitants,Y_GE15,15 years or over,F,Female,OBS,Observed,2018,,28.9,,,,AGE_STANDARD,Age standardised rate,,,1,One,,,,,,,0,Units
DATAFLOW,OECD.ELS.HD:DSD_HCQO@DF_HCQO(1.0),Healthcare quality and outcomes,I,CHE,Switzerland,A,Annual,ADMRASTH,Asthma hospital admission,10P5HB,Per 100 000 inhabitants,Y_GE15,15 years or over,_T,Total,OBS,Observed,2017,,27.3,,,,AGE_SEX_STANDARD,Age and sex standardised rate,,,1,One,,,,,,,0,Units
DATAFLOW,OECD.ELS.HD:DSD_HCQO@DF_HCQO(1.0),Healthcare quality and outcomes,I,CHE,Switzerland,A,Annual,ADMRASTH,Asthma hospital admission,10P5HB,Per 100 000 inhabitants,Y_GE15,15 years or over,_T,Total,OBS,Observed,2018,,26.1,,,,AGE_SEX_STANDARD,Age and sex standardised rate,,,1,One,,,,,,,0,Units
DATAFLOW,OECD.ELS.HD:DSD_HCQO@DF_HCQO(1.0),Healthcare quality and outcomes,I,SVN,Slovenia,A,Annual,ADMRASTH,Asthma hospital admission,10P5HB,Per 100 000 inhabitants,Y_GE15,15 years or over,M,Male,OBS,Observed,2017,,32.1,,,,AGE_STANDARD,Age standardised rate,,,1,One,,,,,,,0,Units
DATAFLOW,OECD.ELS.HD:DSD_HCQO@DF_HCQO(1.0),Healthcare quality and outcomes,I,SVN,Slovenia,A,Annual,ADMRASTH,Asthma hospital admission,10P5HB,Per 100 000 inhabitants,Y_GE15,15 years or over,M,Male,OBS,Observed,2018,,27.6,,,,AGE_STANDARD,Age standardised rate,,,1,One,,,,,,,0,Units
DATAFLOW,OECD.ELS.HD:DSD_HCQO@DF_HCQO(1.0),Healthcare quality and outcomes,I,AUS,Australia,A,Annual,ADMRASTH,Asthma hospital admission,10P5HB,Per 100 000 inhabitants,Y_GE15,15 years or over,M,Male,OBS,Observed,2017,,36.9,,,,AGE_STANDARD,Age standardised rate,,,1,One,,,,,,,0,Units
DATAFLOW,OECD.ELS.HD:DSD_HCQO@DF_HCQO(1.0),Healthcare quality and outcomes,I,AUS,Australia,A,Annual,ADMRASTH,Asthma hospital admission,10P5HB,Per 100 000 inhabitants,Y_GE15,15 years or over,M,Male,OBS,Observed,2018,,34.8,,,,AGE_STANDARD,Age standardised rate,,,1,One,,,,,,,0,Units
DATAFLOW,OECD.ELS.HD:DSD_HCQO@DF_HCQO(1.0),Healthcare quality and outcomes,I,EST,Estonia,A,Annual,ADMRASTH,Asthma hospital admission,10P5HB,Per 100 000 inhabitants,Y_GE15,15 years or over,_T,Total,OBS,Observed,2017,,27.3,,,,AGE_SEX_STANDARD,Age and sex standardised rate,,,1,One,,,,,,,0,Units
DATAFLOW,OECD.ELS.HD:DSD_HCQO@DF_HCQO(1.0),Healthcare quality and outcomes,I,EST,Estonia,A,Annual,ADMRASTH,Asthma hospital admission,10P5HB,Per 100 000 inhabitants,Y_GE15,15 years or over,_T,Total,OBS,Observed,2018,,24.6,,,,AGE_SEX_STANDARD,Age and sex standardised rate,,,1,One,,,,,,,0,Units
DATAFLOW,OECD.ELS.HD:DSD_HCQO@DF_HCQO(1.0),Healthcare quality and outcomes,I,COL,Colombia,A,Annual,ADMRASTH,Asthma hospital admission,10P5HB,Per 100 000 inhabitants,Y_GE15,15 years or over,M,Male,OBS,Observed,2017,,7.5,,,,AGE_STANDARD,Age standardised rate,,,1,One,,,,,,,0,Units
DATAFLOW,OECD.ELS.HD:DSD_HCQO@DF_HCQO(1.0),Healthcare quality and outcomes,I,SWE,Sweden,A,Annual,ADMRASTH,Asthma hospital admission,10P5HB,Per 100 000 inhabitants,Y_GE15,15 years or over,F,Female,OBS,Observed,2017,,23.2,,,,AGE_STANDARD,Age standardised rate,,,1,One,,,,,,,0,Units
DATAFLOW,OECD.ELS.HD:DSD_HCQO@DF_HCQO(1.0),Healthcare quality and outcomes,I,SWE,Sweden,A,Annual,ADMRASTH,Asthma hospital admission,10P5HB,Per 100 000 inhabitants,Y_GE15,15 years or over,F,Female,OBS,Observed,2018,,21.2,,,,AGE_STANDARD,Age standardised rate,,,1,One,,,,,,,0,Units
DATAFLOW,OECD.ELS.HD:DSD_HCQO@DF_HCQO(1.0),Healthcare quality and outcomes,I,USA,United States,A,Annual,ADMRASTH,Asthma hospital admission,10P5HB,Per 100 000 inhabitants,Y_GE15,15 years or over,_T,Total,OBS,Observed,2017,,38.5,,,,AGE_SEX_STANDARD,Age and sex standardised rate,,,1,One,,,,,,,0,Units
DATAFLOW,OECD.ELS.HD:DSD_HCQO@DF_HCQO(1.0),Healthcare quality and outcomes,I,USA,United States,A,Annual,ADMRASTH,Asthma hospital admission,10P5HB,Per 100 000 inhabitants,Y_GE15,15 years or over,_T,Total,OBS,Observed,2018,,37.5,,,,AGE_SEX_STANDARD,Age and sex standardised rate,,,1,One,,,,,,,0,Units
DATAFLOW,OECD.ELS.HD:DSD_HCQO@DF_HCQO(1.0),Healthcare quality and outcomes,I,USA,United States,A,Annual,ADMRASTH,Asthma hospital admission,10P5HB,Per 100 000 inhabitants,Y_GE15,15 years or over,F,Female,OBS,Observed,2016,,56.1,,,,AGE_STANDARD,Age standardised rate,,,1,One,B,Time series break,,,,,0,Units
DATAFLOW,OECD.ELS.HD:DSD_HCQO@DF_HCQO(1.0),Healthcare quality and outcomes,I,USA,United States,A,Annual,ADMRASTH,Asthma hospital admission,10P5HB,Per 100 000 inhabitants,Y_GE15,15 years or over,F,Female,OBS,Observed,2017,,54.7,,,,AGE_STANDARD,Age standardised rate,,,1,One,,,,,,,0,Units
DATAFLOW,OECD.ELS.HD:DSD_HCQO@DF_HCQO(1.0),Healthcare quality and outcomes,I,ISR,Israel,A,Annual,ADMRASTH,Asthma hospital admission,10P5HB,Per 100 000 inhabitants,Y_GE15,15 years or over,_T,Total,OBS,Observed,2017,,44.3,,,,AGE_SEX_STANDARD,Age and sex standardised rate,,,1,One,,,,,,,0,Units
DATAFLOW,OECD.ELS.HD:DSD_HCQO@DF_HCQO(1.0),Healthcare quality and outcomes,I,ISR,Israel,A,Annual,ADMRASTH,Asthma hospital admission,10P5HB,Per 100 000 inhabitants,Y_GE15,15 years or over,_T,Total,OBS,Observed,2018,,44.2,,,,AGE_SEX_STANDARD,Age and sex standardised rate,,,1,One,,,,,,,0,Units
DATAFLOW,OECD.ELS.HD:DSD_HCQO@DF_HCQO(1.0),Healthcare quality and outcomes,I,FIN,Finland,A,Annual,ADMRASTH,Asthma hospital admission,10P5HB,Per 100 000 inhabitants,Y_GE15,15 years or over,_T,Total,OBS,Observed,2016,,48.1,,,,AGE_SEX_STANDARD,Age and sex standardised rate,,,1,One,,,,,,,0,Units
DATAFLOW,OECD.ELS.HD:DSD_HCQO@DF_HCQO(1.0),Healthcare quality and outcomes,I,FIN,Finland,A,Annual,ADMRASTH,Asthma hospital admission,10P5HB,Per 100 000 inhabitants,Y_GE15,15 years or over,_T,Total,OBS,Observed,2017,,51.7,,,,AGE_SEX_STANDARD,Age and sex standardised rate,,,1,One,,,,,,,0,Units
DATAFLOW,OECD.ELS.HD:DSD_HCQO@DF_HCQO(1.0),Healthcare quality and outcomes,I,MEX,Mexico,A,Annual,ADMRASTH,Asthma hospital admission,10P5HB,Per 100 000 inhabitants,Y_GE15,15 years or over,F,Female,OBS,Observed,2016,,12.9,,,,AGE_STANDARD,Age standardised rate,,,1,One,,,,,,,0,Units
DATAFLOW,OECD.ELS.HD:DSD_HCQO@DF_HCQO(1.0),Healthcare quality and outcomes,I,MEX,Mexico,A,Annual,ADMRASTH,Asthma hospital admission,10P5HB,Per 100 000 inhabitants,Y_GE15,15 years or over,F,Female,OBS,Observed,2017,,12.1,,,,AGE_STANDARD,Age standardised rate,,,1,One,,,,,,,0,Units
DATAFLOW,OECD.ELS.HD:DSD_HCQO@DF_HCQO(1.0),Healthcare quality and outcomes,I,EST,Estonia,A,Annual,ADMRASTH,Asthma hospital admission,10P5HB,Per 100 000 inhabitants,Y_GE15,15 years or over,M,Male,OBS,Observed,2017,,20.1,,,,AGE_STANDARD,Age standardised rate,,,1,One,,,,,,,0,Units
DATAFLOW,OECD.ELS.HD:DSD_HCQO@DF_HCQO(1.0),Healthcare quality and outcomes,I,EST,Estonia,A,Annual,ADMRASTH,Asthma hospital admission,10P5HB,Per 100 000 inhabitants,Y_GE15,15 years or over,M,Male,OBS,Observed,2018,,16.9,,,,AGE_STANDARD,Age standardised rate,,,1,One,,,,,,,0,Units
DATAFLOW,OECD.ELS.HD:DSD_HCQO@DF_HCQO(1.0),Healthcare quality and outcomes,I,ROU,Romania,A,Annual,ADMRASTH,Asthma hospital admission,10P5HB,Per 100 000 inhabitants,Y_GE15,15 years or over,_T,Total,OBS,Observed,2017,,33,,,,AGE_SEX_STANDARD,Age and sex standardised rate,,,1,One,,,,,,,0,Units
DATAFLOW,OECD.ELS.HD:DSD_HCQO@DF_HCQO(1.0),Healthcare quality and outcomes,I,ROU,Romania,A,Annual,ADMRASTH,Asthma hospital admission,10P5HB,Per 100 000 inhabitants,Y_GE15,15 years or over,_T,Total,OBS,Observed,2018,,31.4,,,,AGE_SEX_STANDARD,Age and sex standardised rate,,,1,One,,,,,,,0,Units
DATAFLOW,OECD.ELS.HD:DSD_HCQO@DF_HCQO(1.0),Healthcare quality and outcomes,I,TUR,Türkiye,A,Annual,ADMRASTH,Asthma hospital admission,10P5HB,Per 100 000 inhabitants,Y_GE15,15 years or over,F,Female,OBS,Observed,2017,,143.3,,,,AGE_STANDARD,Age standardised rate,,,1,One,,,,,,,0,Units
DATAFLOW,OECD.ELS.HD:DSD_HCQO@DF_HCQO(1.0),Healthcare quality and outcomes,I,IRL,Ireland,A,Annual,ADMRASTH,Asthma hospital admission,10P5HB,Per 100 000 inhabitants,Y_GE15,15 years or over,F,Female,OBS,Observed,2017,,52,,,,AGE_STANDARD,Age standardised rate,,,1,One,,,,,,,0,Units
DATAFLOW,OECD.ELS.HD:DSD_HCQO@DF_HCQO(1.0),Healthcare quality and outcomes,I,IRL,Ireland,A,Annual,ADMRASTH,Asthma hospital admission,10P5HB,Per 100 000 inhabitants,Y_GE15,15 years or over,F,Female,OBS,Observed,2018,,55.8,,,,AGE_STANDARD,Age standardised rate,,,1,One,,,,,,,0,Units
DATAFLOW,OECD.ELS.HD:DSD_HCQO@DF_HCQO(1.0),Healthcare quality and outcomes,I,PRT,Portugal,A,Annual,ADMRASTH,Asthma hospital admission,10P5HB,Per 100 000 inhabitants,Y_GE15,15 years or over,M,Male,OBS,Observed,2017,,7.4,,,,AGE_STANDARD,Age standardised rate,,,1,One,,,,,,,0,Units
DATAFLOW,OECD.ELS.HD:DSD_HCQO@DF_HCQO(1.0),Healthcare quality and outcomes,I,PRT,Portugal,A,Annual,ADMRASTH,Asthma hospital admission,10P5HB,Per 100 000 inhabitants,Y_GE15,15 years or over,M,Male,OBS,Observed,2018,,6.8,,,,AGE_STANDARD,Age standardised rate,,,1,One,,,,,,,0,Units
DATAFLOW,OECD.ELS.HD:DSD_HCQO@DF_HCQO(1.0),Healthcare quality and outcomes,I,ISR,Israel,A,Annual,ADMRASTH,Asthma hospital admission,10P5HB,Per 100 000 inhabitants,Y_GE15,15 years or over,F,Female,OBS,Observed,2017,,58,,,,AGE_STANDARD,Age standardised rate,,,1,One,,,,,,,0,Units
DATAFLOW,OECD.ELS.HD:DSD_HCQO@DF_HCQO(1.0),Healthcare quality and outcomes,I,ISR,Israel,A,Annual,ADMRASTH,Asthma hospital admission,10P5HB,Per 100 000 inhabitants,Y_GE15,15 years or over,F,Female,OBS,Observed,2018,,57.1,,,,AGE_STANDARD,Age standardised rate,,,1,One,,,,,,,0,Units
DATAFLOW,OECD.ELS.HD:DSD_HCQO@DF_HCQO(1.0),Healthcare quality and outcomes,I,BEL,Belgium,A,Annual,ADMRASTH,Asthma hospital admission,10P5HB,Per 100 000 inhabitants,Y_GE15,15 years or over,F,Female,OBS,Observed,2017,,36.5,,,,AGE_STANDARD,Age standardised rate,,,1,One,,,,,,,0,Units
DATAFLOW,OECD.ELS.HD:DSD_HCQO@DF_HCQO(1.0),Healthcare quality and outcomes,I,BEL,Belgium,A,Annual,ADMRASTH,Asthma hospital admission,10P5HB,Per 100 000 inhabitants,Y_GE15,15 years or over,F,Female,OBS,Observed,2018,,31.7,,,,AGE_STANDARD,Age standardised rate,,,1,One,,,,,,,0,Units
DATAFLOW,OECD.ELS.HD:DSD_HCQO@DF_HCQO(1.0),Healthcare quality and outcomes,I,CZE,Czechia,A,Annual,ADMRASTH,Asthma hospital admission,10P5HB,Per 100 000 inhabitants,Y_GE15,15 years or over,F,Female,OBS,Observed,2017,,40.5,,,,AGE_STANDARD,Age standardised rate,,,1,One,,,,,,,0,Units
DATAFLOW,OECD.ELS.HD:DSD_HCQO@DF_HCQO(1.0),Healthcare quality and outcomes,I,CZE,Czechia,A,Annual,ADMRASTH,Asthma hospital admission,10P5HB,Per 100 000 inhabitants,Y_GE15,15 years or over,F,Female,OBS,Observed,2018,,37.7,,,,AGE_STANDARD,Age standardised rate,,,1,One,,,,,,,0,Units
DATAFLOW,OECD.ELS.HD:DSD_HCQO@DF_HCQO(1.0),Healthcare quality and outcomes,I,POL,Poland,A,Annual,ADMRASTH,Asthma hospital admission,10P5HB,Per 100 000 inhabitants,Y_GE15,15 years or over,M,Male,OBS,Observed,2016,,70.1,,,,AGE_STANDARD,Age standardised rate,,,1,One,,,,,,,0,Units
DATAFLOW,OECD.ELS.HD:DSD_HCQO@DF_HCQO(1.0),Healthcare quality and outcomes,I,POL,Poland,A,Annual,ADMRASTH,Asthma hospital admission,10P5HB,Per 100 000 inhabitants,Y_GE15,15 years or over,M,Male,OBS,Observed,2017,,67.8,,,,AGE_STANDARD,Age standardised rate,,,1,One,,,,,,,0,Units
DATAFLOW,OECD.ELS.HD:DSD_HCQO@DF_HCQO(1.0),Healthcare quality and outcomes,I,SWE,Sweden,A,Annual,ADMRASTH,Asthma hospital admission,10P5HB,Per 100 000 inhabitants,Y_GE15,15 years or over,M,Male,OBS,Observed,2016,,12.3,,,,AGE_STANDARD,Age standardised rate,,,1,One,,,,,,,0,Units
DATAFLOW,OECD.ELS.HD:DSD_HCQO@DF_HCQO(1.0),Healthcare quality and outcomes,I,SWE,Sweden,A,Annual,ADMRASTH,Asthma hospital admission,10P5HB,Per 100 000 inhabitants,Y_GE15,15 years or over,M,Male,OBS,Observed,2017,,11.6,,,,AGE_STANDARD,Age standardised rate,,,1,One,,,,,,,0,Units
DATAFLOW,OECD.ELS.HD:DSD_HCQO@DF_HCQO(1.0),Healthcare quality and outcomes,I,AUT,Austria,A,Annual,ADMRASTH,Asthma hospital admission,10P5HB,Per 100 000 inhabitants,Y_GE15,15 years or over,M,Male,OBS,Observed,2016,,20.7,,,,AGE_STANDARD,Age standardised rate,,,1,One,,,,,,,0,Units
DATAFLOW,OECD.ELS.HD:DSD_HCQO@DF_HCQO(1.0),Healthcare quality and outcomes,I,AUT,Austria,A,Annual,ADMRASTH,Asthma hospital admission,10P5HB,Per 100 000 inhabitants,Y_GE15,15 years or over,M,Male,OBS,Observed,2017,,19.4,,,,AGE_STANDARD,Age standardised rate,,,1,One,,,,,,,0,Units
DATAFLOW,OECD.ELS.HD:DSD_HCQO@DF_HCQO(1.0),Healthcare quality and outcomes,I,SWE,Sweden,A,Annual,ADMRASTH,Asthma hospital admission,10P5HB,Per 100 000 inhabitants,Y_GE15,15 years or over,_T,Total,OBS,Observed,2017,,17.9,,,,AGE_SEX_STANDARD,Age and sex standardised rate,,,1,One,,,,,,,0,Units
DATAFLOW,OECD.ELS.HD:DSD_HCQO@DF_HCQO(1.0),Healthcare quality and outcomes,I,SWE,Sweden,A,Annual,ADMRASTH,Asthma hospital admission,10P5HB,Per 100 000 inhabitants,Y_GE15,15 years or over,_T,Total,OBS,Observed,2018,,16.2,,,,AGE_SEX_STANDARD,Age and sex standardised rate,,,1,One,,,,,,,0,Units
DATAFLOW,OECD.ELS.HD:DSD_HCQO@DF_HCQO(1.0),Healthcare quality and outcomes,I,ESP,Spain,A,Annual,ADMRASTH,Asthma hospital admission,10P5HB,Per 100 000 inhabitants,Y_GE15,15 years or over,F,Female,OBS,Observed,2017,,51.3,,,,AGE_STANDARD,Age standardised rate,,,1,One,,,,,,,0,Units
DATAFLOW,OECD.ELS.HD:DSD_HCQO@DF_HCQO(1.0),Healthcare quality and outcomes,I,ESP,Spain,A,Annual,ADMRASTH,Asthma hospital admission,10P5HB,Per 100 000 inhabitants,Y_GE15,15 years or over,F,Female,OBS,Observed,2018,,52.8,,,,AGE_STANDARD,Age standardised rate,,,1,One,,,,,,,0,Units
DATAFLOW,OECD.ELS.HD:DSD_HCQO@DF_HCQO(1.0),Healthcare quality and outcomes,I,CRI,Costa Rica,A,Annual,ADMRASTH,Asthma hospital admission,10P5HB,Per 100 000 inhabitants,Y_GE15,15 years or over,F,Female,OBS,Observed,2017,,46.5,,,,AGE_STANDARD,Age standardised rate,,,1,One,,,,,,,0,Units
DATAFLOW,OECD.ELS.HD:DSD_HCQO@DF_HCQO(1.0),Healthcare quality and outcomes,I,IRL,Ireland,A,Annual,ADMRASTH,Asthma hospital admission,10P5HB,Per 100 000 inhabitants,Y_GE15,15 years or over,_T,Total,OBS,Observed,2017,,41.5,,,,AGE_SEX_STANDARD,Age and sex standardised rate,,,1,One,,,,,,,0,Units
DATAFLOW,OECD.ELS.HD:DSD_HCQO@DF_HCQO(1.0),Healthcare quality and outcomes,I,IRL,Ireland,A,Annual,ADMRASTH,Asthma hospital admission,10P5HB,Per 100 000 inhabitants,Y_GE15,15 years or over,_T,Total,OBS,Observed,2018,,42,,,,AGE_SEX_STANDARD,Age and sex standardised rate,,,1,One,,,,,,,0,Units
DATAFLOW,OECD.ELS.HD:DSD_HCQO@DF_HCQO(1.0),Healthcare quality and outcomes,I,USA,United States,A,Annual,ADMRASTH,Asthma hospital admission,10P5HB,Per 100 000 inhabitants,Y_GE15,15 years or over,M,Male,OBS,Observed,2016,,21.6,,,,AGE_STANDARD,Age standardised rate,,,1,One,B,Time series break,,,,,0,Units
DATAFLOW,OECD.ELS.HD:DSD_HCQO@DF_HCQO(1.0),Healthcare quality and outcomes,I,USA,United States,A,Annual,ADMRASTH,Asthma hospital admission,10P5HB,Per 100 000 inhabitants,Y_GE15,15 years or over,M,Male,OBS,Observed,2017,,20.8,,,,AGE_STANDARD,Age standardised rate,,,1,One,,,,,,,0,Units
DATAFLOW,OECD.ELS.HD:DSD_HCQO@DF_HCQO(1.0),Healthcare quality and outcomes,I,CRI,Costa Rica,A,Annual,ADMRASTH,Asthma hospital admission,10P5HB,Per 100 000 inhabitants,Y_GE15,15 years or over,M,Male,OBS,Observed,2017,,7.1,,,,AGE_STANDARD,Age standardised rate,,,1,One,,,,,,,0,Units
DATAFLOW,OECD.ELS.HD:DSD_HCQO@DF_HCQO(1.0),Healthcare quality and outcomes,I,CHE,Switzerland,A,Annual,ADMRASTH,Asthma hospital admission,10P5HB,Per 100 000 inhabitants,Y_GE15,15 years or over,M,Male,OBS,Observed,2017,,19.6,,,,AGE_STANDARD,Age standardised rate,,,1,One,,,,,,,0,Units
DATAFLOW,OECD.ELS.HD:DSD_HCQO@DF_HCQO(1.0),Healthcare quality and outcomes,I,CHE,Switzerland,A,Annual,ADMRASTH,Asthma hospital admission,10P5HB,Per 100 000 inhabitants,Y_GE15,15 years or over,M,Male,OBS,Observed,2018,,19.2,,,,AGE_STANDARD,Age standardised rate,,,1,One,,,,,,,0,Units
DATAFLOW,OECD.ELS.HD:DSD_HCQO@DF_HCQO(1.0),Healthcare quality and outcomes,I,CHE,Switzerland,A,Annual,ADMRASTH,Asthma hospital admission,10P5HB,Per 100 000 inhabitants,Y_GE15,15 years or over,F,Female,OBS,Observed,2017,,34.3,,,,AGE_STANDARD,Age standardised rate,,,1,One,,,,,,,0,Units
DATAFLOW,OECD.ELS.HD:DSD_HCQO@DF_HCQO(1.0),Healthcare quality and outcomes,I,CHE,Switzerland,A,Annual,ADMRASTH,Asthma hospital admission,10P5HB,Per 100 000 inhabitants,Y_GE15,15 years or over,F,Female,OBS,Observed,2018,,32.1,,,,AGE_STANDARD,Age standardised rate,,,1,One,,,,,,,0,Units
DATAFLOW,OECD.ELS.HD:DSD_HCQO@DF_HCQO(1.0),Healthcare quality and outcomes,I,BEL,Belgium,A,Annual,ADMRASTH,Asthma hospital admission,10P5HB,Per 100 000 inhabitants,Y_GE15,15 years or over,M,Male,OBS,Observed,2017,,21.5,,,,AGE_STANDARD,Age standardised rate,,,1,One,,,,,,,0,Units
DATAFLOW,OECD.ELS.HD:DSD_HCQO@DF_HCQO(1.0),Healthcare quality and outcomes,I,BEL,Belgium,A,Annual,ADMRASTH,Asthma hospital admission,10P5HB,Per 100 000 inhabitants,Y_GE15,15 years or over,M,Male,OBS,Observed,2018,,22.7,,,,AGE_STANDARD,Age standardised rate,,,1,One,,,,,,,0,Units
DATAFLOW,OECD.ELS.HD:DSD_HCQO@DF_HCQO(1.0),Healthcare quality and outcomes,I,SVK,Slovak Republic,A,Annual,ADMRASTH,Asthma hospital admission,10P5HB,Per 100 000 inhabitants,Y_GE15,15 years or over,F,Female,OBS,Observed,2017,,110,,,,AGE_STANDARD,Age standardised rate,,,1,One,,,,,,,0,Units
DATAFLOW,OECD.ELS.HD:DSD_HCQO@DF_HCQO(1.0),Healthcare quality and outcomes,I,SVK,Slovak Republic,A,Annual,ADMRASTH,Asthma hospital admission,10P5HB,Per 100 000 inhabitants,Y_GE15,15 years or over,F,Female,OBS,Observed,2018,,100.9,,,,AGE_STANDARD,Age standardised rate,,,1,One,,,,,,,0,Units
DATAFLOW,OECD.ELS.HD:DSD_HCQO@DF_HCQO(1.0),Healthcare quality and outcomes,I,SVN,Slovenia,A,Annual,ADMRASTH,Asthma hospital admission,10P5HB,Per 100 000 inhabitants,Y_GE15,15 years or over,F,Female,OBS,Observed,2017,,35.6,,,,AGE_STANDARD,Age standardised rate,,,1,One,,,,,,,0,Units
DATAFLOW,OECD.ELS.HD:DSD_HCQO@DF_HCQO(1.0),Healthcare quality and outcomes,I,SVN,Slovenia,A,Annual,ADMRASTH,Asthma hospital admission,10P5HB,Per 100 000 inhabitants,Y_GE15,15 years or over,F,Female,OBS,Observed,2018,,37.5,,,,AGE_STANDARD,Age standardised rate,,,1,One,,,,,,,0,Units
DATAFLOW,OECD.ELS.HD:DSD_HCQO@DF_HCQO(1.0),Healthcare quality and outcomes,I,CAN,Canada,A,Annual,ADMRASTH,Asthma hospital admission,10P5HB,Per 100 000 inhabitants,Y_GE15,15 years or over,_T,Total,OBS,Observed,2017,,15,,,,AGE_SEX_STANDARD,Age and sex standardised rate,,,1,One,,,,,,,0,Units
DATAFLOW,OECD.ELS.HD:DSD_HCQO@DF_HCQO(1.0),Healthcare quality and outcomes,I,CAN,Canada,A,Annual,ADMRASTH,Asthma hospital admission,10P5HB,Per 100 000 inhabitants,Y_GE15,15 years or over,_T,Total,OBS,Observed,2018,,14.9,,,,AGE_SEX_STANDARD,Age and sex standardised rate,,,1,One,,,,,,,0,Units
DATAFLOW,OECD.ELS.HD:DSD_HCQO@DF_HCQO(1.0),Healthcare quality and outcomes,I,ISL,Iceland,A,Annual,ADMRASTH,Asthma hospital admission,10P5HB,Per 100 000 inhabitants,Y_GE15,15 years or over,_T,Total,OBS,Observed,2017,,15.1,,,,AGE_SEX_STANDARD,Age and sex standardised rate,,,1,One,,,,,,,0,Units
DATAFLOW,OECD.ELS.HD:DSD_HCQO@DF_HCQO(1.0),Healthcare quality and outcomes,I,ISL,Iceland,A,Annual,ADMRASTH,Asthma hospital admission,10P5HB,Per 100 000 inhabitants,Y_GE15,15 years or over,_T,Total,OBS,Observed,2018,,8.5,,,,AGE_SEX_STANDARD,Age and sex standardised rate,,,1,One,,,,,,,0,Units
DATAFLOW,OECD.ELS.HD:DSD_HCQO@DF_HCQO(1.0),Healthcare quality and outcomes,I,GBR,United Kingdom,A,Annual,ADMRASTH,Asthma hospital admission,10P5HB,Per 100 000 inhabitants,Y_GE15,15 years or over,M,Male,OBS,Observed,2017,,42,,,,AGE_STANDARD,Age standardised rate,,,1,One,,,,,,,0,Units
DATAFLOW,OECD.ELS.HD:DSD_HCQO@DF_HCQO(1.0),Healthcare quality and outcomes,I,GBR,United Kingdom,A,Annual,ADMRASTH,Asthma hospital admission,10P5HB,Per 100 000 inhabitants,Y_GE15,15 years or over,M,Male,OBS,Observed,2018,,43,,,,AGE_STANDARD,Age standardised rate,,,1,One,,,,,,,0,Units
DATAFLOW,OECD.ELS.HD:DSD_HCQO@DF_HCQO(1.0),Healthcare quality and outcomes,I,LVA,Latvia,A,Annual,ADMRASTH,Asthma hospital admission,10P5HB,Per 100 000 inhabitants,Y_GE15,15 years or over,F,Female,OBS,Observed,2017,,119.6,,,,AGE_STANDARD,Age standardised rate,,,1,One,,,,,,,0,Units
DATAFLOW,OECD.ELS.HD:DSD_HCQO@DF_HCQO(1.0),Healthcare quality and outcomes,I,LVA,Latvia,A,Annual,ADMRASTH,Asthma hospital admission,10P5HB,Per 100 000 inhabitants,Y_GE15,15 years or over,F,Female,OBS,Observed,2018,,116.1,,,,AGE_STANDARD,Age standardised rate,,,1,One,,,,,,,0,Units
DATAFLOW,OECD.ELS.HD:DSD_HCQO@DF_HCQO(1.0),Healthcare quality and outcomes,I,AUT,Austria,A,Annual,ADMRASTH,Asthma hospital admission,10P5HB,Per 100 000 inhabitants,Y_GE15,15 years or over,_T,Total,OBS,Observed,2017,,22.4,,,,AGE_SEX_STANDARD,Age and sex standardised rate,,,1,One,,,,,,,0,Units
DATAFLOW,OECD.ELS.HD:DSD_HCQO@DF_HCQO(1.0),Healthcare quality and outcomes,I,AUT,Austria,A,Annual,ADMRASTH,Asthma hospital admission,10P5HB,Per 100 000 inhabitants,Y_GE15,15 years or over,_T,Total,OBS,Observed,2018,,22.1,,,,AGE_SEX_STANDARD,Age and sex standardised rate,,,1,One,,,,,,,0,Units
DATAFLOW,OECD.ELS.HD:DSD_HCQO@DF_HCQO(1.0),Healthcare quality and outcomes,I,COL,Colombia,A,Annual,ADMRASTH,Asthma hospital admission,10P5HB,Per 100 000 inhabitants,Y_GE15,15 years or over,F,Female,OBS,Observed,2017,,16.6,,,,AGE_STANDARD,Age standardised rate,,,1,One,,,,,,,0,Units
DATAFLOW,OECD.ELS.HD:DSD_HCQO@DF_HCQO(1.0),Healthcare quality and outcomes,I,FIN,Finland,A,Annual,ADMRASTH,Asthma hospital admission,10P5HB,Per 100 000 inhabitants,Y_GE15,15 years or over,M,Male,OBS,Observed,2017,,31,,,,AGE_STANDARD,Age standardised rate,,,1,One,,,,,,,0,Units
DATAFLOW,OECD.ELS.HD:DSD_HCQO@DF_HCQO(1.0),Healthcare quality and outcomes,I,FIN,Finland,A,Annual,ADMRASTH,Asthma hospital admission,10P5HB,Per 100 000 inhabitants,Y_GE15,15 years or over,M,Male,OBS,Observed,2018,,29.2,,,,AGE_STANDARD,Age standardised rate,,,1,One,,,,,,,0,Units
DATAFLOW,OECD.ELS.HD:DSD_HCQO@DF_HCQO(1.0),Healthcare quality and outcomes,I,EST,Estonia,A,Annual,ADMRASTH,Asthma hospital admission,10P5HB,Per 100 000 inhabitants,Y_GE15,15 years or over,F,Female,OBS,Observed,2017,,32.9,,,,AGE_STANDARD,Age standardised rate,,,1,One,,,,,,,0,Units
DATAFLOW,OECD.ELS.HD:DSD_HCQO@DF_HCQO(1.0),Healthcare quality and outcomes,I,EST,Estonia,A,Annual,ADMRASTH,Asthma hospital admission,10P5HB,Per 100 000 inhabitants,Y_GE15,15 years or over,F,Female,OBS,Observed,2018,,30.1,,,,AGE_STANDARD,Age standardised rate,,,1,One,,,,,,,0,Units
DATAFLOW,OECD.ELS.HD:DSD_HCQO@DF_HCQO(1.0),Healthcare quality and outcomes,I,ESP,Spain,A,Annual,ADMRASTH,Asthma hospital admission,10P5HB,Per 100 000 inhabitants,Y_GE15,15 years or over,M,Male,OBS,Observed,2017,,17.3,,,,AGE_STANDARD,Age standardised rate,,,1,One,,,,,,,0,Units
DATAFLOW,OECD.ELS.HD:DSD_HCQO@DF_HCQO(1.0),Healthcare quality and outcomes,I,ESP,Spain,A,Annual,ADMRASTH,Asthma hospital admission,10P5HB,Per 100 000 inhabitants,Y_GE15,15 years or over,M,Male,OBS,Observed,2018,,18.1,,,,AGE_STANDARD,Age standardised rate,,,1,One,,,,,,,0,Units
DATAFLOW,OECD.ELS.HD:DSD_HCQO@DF_HCQO(1.0),Healthcare quality and outcomes,I,LVA,Latvia,A,Annual,ADMRASTH,Asthma hospital admission,10P5HB,Per 100 000 inhabitants,Y_GE15,15 years or over,M,Male,OBS,Observed,2017,,88.8,,,,AGE_STANDARD,Age standardised rate,,,1,One,,,,,,,0,Units
DATAFLOW,OECD.ELS.HD:DSD_HCQO@DF_HCQO(1.0),Healthcare quality and outcomes,I,LVA,Latvia,A,Annual,ADMRASTH,Asthma hospital admission,10P5HB,Per 100 000 inhabitants,Y_GE15,15 years or over,M,Male,OBS,Observed,2018,,89.3,,,,AGE_STANDARD,Age standardised rate,,,1,One,,,,,,,0,Units
DATAFLOW,OECD.ELS.HD:DSD_HCQO@DF_HCQO(1.0),Healthcare quality and outcomes,I,ITA,Italy,A,Annual,ADMRASTH,Asthma hospital admission,10P5HB,Per 100 000 inhabitants,Y_GE15,15 years or over,_T,Total,OBS,Observed,2017,,9.7,,,,AGE_SEX_STANDARD,Age and sex standardised rate,,,1,One,,,,,,,0,Units
DATAFLOW,OECD.ELS.HD:DSD_HCQO@DF_HCQO(1.0),Healthcare quality and outcomes,I,ITA,Italy,A,Annual,ADMRASTH,Asthma hospital admission,10P5HB,Per 100 000 inhabitants,Y_GE15,15 years or over,_T,Total,OBS,Observed,2018,,9,,,,AGE_SEX_STANDARD,Age and sex standardised rate,,,1,One,,,,,,,0,Units
DATAFLOW,OECD.ELS.HD:DSD_HCQO@DF_HCQO(1.0),Healthcare quality and outcomes,I,KOR,Korea,A,Annual,ADMRASTH,Asthma hospital admission,10P5HB,Per 100 000 inhabitants,Y_GE15,15 years or over,F,Female,OBS,Observed,2017,,100.6,,,,AGE_STANDARD,Age standardised rate,,,1,One,,,,,,,0,Units
DATAFLOW,OECD.ELS.HD:DSD_HCQO@DF_HCQO(1.0),Healthcare quality and outcomes,I,KOR,Korea,A,Annual,ADMRASTH,Asthma hospital admission,10P5HB,Per 100 000 inhabitants,Y_GE15,15 years or over,F,Female,OBS,Observed,2018,,93.3,,,,AGE_STANDARD,Age standardised rate,,,1,One,,,,,,,0,Units
DATAFLOW,OECD.ELS.HD:DSD_HCQO@DF_HCQO(1.0),Healthcare quality and outcomes,I,NOR,Norway,A,Annual,ADMRASTH,Asthma hospital admission,10P5HB,Per 100 000 inhabitants,Y_GE15,15 years or over,_T,Total,OBS,Observed,2017,,25,,,,AGE_SEX_STANDARD,Age and sex standardised rate,,,1,One,,,,,,,0,Units
DATAFLOW,OECD.ELS.HD:DSD_HCQO@DF_HCQO(1.0),Healthcare quality and outcomes,I,NOR,Norway,A,Annual,ADMRASTH,Asthma hospital admission,10P5HB,Per 100 000 inhabitants,Y_GE15,15 years or over,_T,Total,OBS,Observed,2018,,22.6,,,,AGE_SEX_STANDARD,Age and sex standardised rate,,,1,One,,,,,,,0,Units
DATAFLOW,OECD.ELS.HD:DSD_HCQO@DF_HCQO(1.0),Healthcare quality and outcomes,I,KOR,Korea,A,Annual,ADMRASTH,Asthma hospital admission,10P5HB,Per 100 000 inhabitants,Y_GE15,15 years or over,M,Male,OBS,Observed,2017,,67.8,,,,AGE_STANDARD,Age standardised rate,,,1,One,,,,,,,0,Units
DATAFLOW,OECD.ELS.HD:DSD_HCQO@DF_HCQO(1.0),Healthcare quality and outcomes,I,KOR,Korea,A,Annual,ADMRASTH,Asthma hospital admission,10P5HB,Per 100 000 inhabitants,Y_GE15,15 years or over,M,Male,OBS,Observed,2018,,62.4,,,,AGE_STANDARD,Age standardised rate,,,1,One,,,,,,,0,Units
DATAFLOW,OECD.ELS.HD:DSD_HCQO@DF_HCQO(1.0),Healthcare quality and outcomes,I,PRT,Portugal,A,Annual,ADMRASTH,Asthma hospital admission,10P5HB,Per 100 000 inhabitants,Y_GE15,15 years or over,F,Female,OBS,Observed,2017,,18,,,,AGE_STANDARD,Age standardised rate,,,1,One,,,,,,,0,Units
DATAFLOW,OECD.ELS.HD:DSD_HCQO@DF_HCQO(1.0),Healthcare quality and outcomes,I,PRT,Portugal,A,Annual,ADMRASTH,Asthma hospital admission,10P5HB,Per 100 000 inhabitants,Y_GE15,15 years or over,F,Female,OBS,Observed,2018,,17.9,,,,AGE_STANDARD,Age standardised rate,,,1,One,,,,,,,0,Units
DATAFLOW,OECD.ELS.HD:DSD_HCQO@DF_HCQO(1.0),Healthcare quality and outcomes,I,ROU,Romania,A,Annual,ADMRASTH,Asthma hospital admission,10P5HB,Per 100 000 inhabitants,Y_GE15,15 years or over,M,Male,OBS,Observed,2017,,20.8,,,,AGE_STANDARD,Age standardised rate,,,1,One,,,,,,,0,Units
DATAFLOW,OECD.ELS.HD:DSD_HCQO@DF_HCQO(1.0),Healthcare quality and outcomes,I,ROU,Romania,A,Annual,ADMRASTH,Asthma hospital admission,10P5HB,Per 100 000 inhabitants,Y_GE15,15 years or over,M,Male,OBS,Observed,2018,,19.6,,,,AGE_STANDARD,Age standardised rate,,,1,One,,,,,,,0,Units
DATAFLOW,OECD.ELS.HD:DSD_HCQO@DF_HCQO(1.0),Healthcare quality and outcomes,I,SGP,Singapore,A,Annual,ADMRASTH,Asthma hospital admission,10P5HB,Per 100 000 inhabitants,Y_GE15,15 years or over,F,Female,OBS,Observed,2017,,145.1,,,,AGE_STANDARD,Age standardised rate,,,1,One,,,,,,,0,Units
DATAFLOW,OECD.ELS.HD:DSD_HCQO@DF_HCQO(1.0),Healthcare quality and outcomes,I,SGP,Singapore,A,Annual,ADMRASTH,Asthma hospital admission,10P5HB,Per 100 000 inhabitants,Y_GE15,15 years or over,F,Female,OBS,Observed,2018,,142.7,,,,AGE_STANDARD,Age standardised rate,,,1,One,,,,,,,0,Units
DATAFLOW,OECD.ELS.HD:DSD_HCQO@DF_HCQO(1.0),Healthcare quality and outcomes,I,LTU,Lithuania,A,Annual,ADMRASTH,Asthma hospital admission,10P5HB,Per 100 000 inhabitants,Y_GE15,15 years or over,M,Male,OBS,Observed,2017,,49.3,,,,AGE_STANDARD,Age standardised rate,,,1,One,,,,,,,0,Units
DATAFLOW,OECD.ELS.HD:DSD_HCQO@DF_HCQO(1.0),Healthcare quality and outcomes,I,LTU,Lithuania,A,Annual,ADMRASTH,Asthma hospital admission,10P5HB,Per 100 000 inhabitants,Y_GE15,15 years or over,M,Male,OBS,Observed,2018,,40.6,,,,AGE_STANDARD,Age standardised rate,,,1,One,,,,,,,0,Units
DATAFLOW,OECD.ELS.HD:DSD_HCQO@DF_HCQO(1.0),Healthcare quality and outcomes,I,MLT,Malta,A,Annual,ADMRASTH,Asthma hospital admission,10P5HB,Per 100 000 inhabitants,Y_GE15,15 years or over,M,Male,OBS,Observed,2017,,63.1,,,,AGE_STANDARD,Age standardised rate,,,1,One,,,,,,,0,Units
DATAFLOW,OECD.ELS.HD:DSD_HCQO@DF_HCQO(1.0),Healthcare quality and outcomes,I,MLT,Malta,A,Annual,ADMRASTH,Asthma hospital admission,10P5HB,Per 100 000 inhabitants,Y_GE15,15 years or over,M,Male,OBS,Observed,2018,,58.7,,,,AGE_STANDARD,Age standardised rate,,,1,One,,,,,,,0,Units
DATAFLOW,OECD.ELS.HD:DSD_HCQO@DF_HCQO(1.0),Healthcare quality and outcomes,I,LTU,Lithuania,A,Annual,ADMRASTH,Asthma hospital admission,10P5HB,Per 100 000 inhabitants,Y_GE15,15 years or over,_T,Total,OBS,Observed,2017,,55.3,,,,AGE_SEX_STANDARD,Age and sex standardised rate,,,1,One,,,,,,,0,Units
DATAFLOW,OECD.ELS.HD:DSD_HCQO@DF_HCQO(1.0),Healthcare quality and outcomes,I,LTU,Lithuania,A,Annual,ADMRASTH,Asthma hospital admission,10P5HB,Per 100 000 inhabitants,Y_GE15,15 years or over,_T,Total,OBS,Observed,2018,,49.2,,,,AGE_SEX_STANDARD,Age and sex standardised rate,,,1,One,,,,,,,0,Units
DATAFLOW,OECD.ELS.HD:DSD_HCQO@DF_HCQO(1.0),Healthcare quality and outcomes,I,FIN,Finland,A,Annual,ADMRASTH,Asthma hospital admission,10P5HB,Per 100 000 inhabitants,Y_GE15,15 years or over,F,Female,OBS,Observed,2017,,68,,,,AGE_STANDARD,Age standardised rate,,,1,One,,,,,,,0,Units
DATAFLOW,OECD.ELS.HD:DSD_HCQO@DF_HCQO(1.0),Healthcare quality and outcomes,I,FIN,Finland,A,Annual,ADMRASTH,Asthma hospital admission,10P5HB,Per 100 000 inhabitants,Y_GE15,15 years or over,F,Female,OBS,Observed,2018,,55.6,,,,AGE_STANDARD,Age standardised rate,,,1,One,,,,,,,0,Units
DATAFLOW,OECD.ELS.HD:DSD_HCQO@DF_HCQO(1.0),Healthcare quality and outcomes,I,SVN,Slovenia,A,Annual,ADMRASTH,Asthma hospital admission,10P5HB,Per 100 000 inhabitants,Y_GE15,15 years or over,_T,Total,OBS,Observed,2017,,34.1,,,,AGE_SEX_STANDARD,Age and sex standardised rate,,,1,One,,,,,,,0,Units
DATAFLOW,OECD.ELS.HD:DSD_HCQO@DF_HCQO(1.0),Healthcare quality and outcomes,I,SVN,Slovenia,A,Annual,ADMRASTH,Asthma hospital admission,10P5HB,Per 100 000 inhabitants,Y_GE15,15 years or over,_T,Total,OBS,Observed,2018,,32.7,,,,AGE_SEX_STANDARD,Age and sex standardised rate,,,1,One,,,,,,,0,Units
DATAFLOW,OECD.ELS.HD:DSD_HCQO@DF_HCQO(1.0),Healthcare quality and outcomes,I,ISL,Iceland,A,Annual,ADMRASTH,Asthma hospital admission,10P5HB,Per 100 000 inhabitants,Y_GE15,15 years or over,M,Male,OBS,Observed,2016,,6,,,,AGE_STANDARD,Age standardised rate,,,1,One,,,,,,,0,Units
DATAFLOW,OECD.ELS.HD:DSD_HCQO@DF_HCQO(1.0),Healthcare quality and outcomes,I,ISL,Iceland,A,Annual,ADMRASTH,Asthma hospital admission,10P5HB,Per 100 000 inhabitants,Y_GE15,15 years or over,M,Male,OBS,Observed,2017,,8.4,,,,AGE_STANDARD,Age standardised rate,,,1,One,,,,,,,0,Units
DATAFLOW,OECD.ELS.HD:DSD_HCQO@DF_HCQO(1.0),Healthcare quality and outcomes,I,TUR,Türkiye,A,Annual,ADMRASTH,Asthma hospital admission,10P5HB,Per 100 000 inhabitants,Y_GE15,15 years or over,_T,Total,OBS,Observed,2016,,96.7,,,,AGE_SEX_STANDARD,Age and sex standardised rate,,,1,One,,,,,,,0,Units
DATAFLOW,OECD.ELS.HD:DSD_HCQO@DF_HCQO(1.0),Healthcare quality and outcomes,I,ITA,Italy,A,Annual,ADMRASTH,Asthma hospital admission,10P5HB,Per 100 000 inhabitants,Y_GE15,15 years or over,M,Male,OBS,Observed,2016,,7.5,,,,AGE_STANDARD,Age standardised rate,,,1,One,,,,,,,0,Units
DATAFLOW,OECD.ELS.HD:DSD_HCQO@DF_HCQO(1.0),Healthcare quality and outcomes,I,ISL,Iceland,A,Annual,ADMRASTH,Asthma hospital admission,10P5HB,Per 100 000 inhabitants,Y_GE15,15 years or over,F,Female,OBS,Observed,2017,,21.1,,,,AGE_STANDARD,Age standardised rate,,,1,One,,,,,,,0,Units
DATAFLOW,OECD.ELS.HD:DSD_HCQO@DF_HCQO(1.0),Healthcare quality and outcomes,I,SGP,Singapore,A,Annual,ADMRASTH,Asthma hospital admission,10P5HB,Per 100 000 inhabitants,Y_GE15,15 years or over,_T,Total,OBS,Observed,2016,,107.6,,,,AGE_SEX_STANDARD,Age and sex standardised rate,,,1,One,,,,,,,0,Units
DATAFLOW,OECD.ELS.HD:DSD_HCQO@DF_HCQO(1.0),Healthcare quality and outcomes,I,POL,Poland,A,Annual,ADMRASTH,Asthma hospital admission,10P5HB,Per 100 000 inhabitants,Y_GE15,15 years or over,F,Female,OBS,Observed,2016,,105.6,,,,AGE_STANDARD,Age standardised rate,,,1,One,,,,,,,0,Units
DATAFLOW,OECD.ELS.HD:DSD_HCQO@DF_HCQO(1.0),Healthcare quality and outcomes,I,AUS,Australia,A,Annual,ADMRASTH,Asthma hospital admission,10P5HB,Per 100 000 inhabitants,Y_GE15,15 years or over,_T,Total,OBS,Observed,2016,,72.2,,,,AGE_SEX_STANDARD,Age and sex standardised rate,,,1,One,,,,,,,0,Units
DATAFLOW,OECD.ELS.HD:DSD_HCQO@DF_HCQO(1.0),Healthcare quality and outcomes,I,MLT,Malta,A,Annual,ADMRASTH,Asthma hospital admission,10P5HB,Per 100 000 inhabitants,Y_GE15,15 years or over,_T,Total,OBS,Observed,2016,,80.9,,,,AGE_SEX_STANDARD,Age and sex standardised rate,,,1,One,,,,,,,0,Units
DATAFLOW,OECD.ELS.HD:DSD_HCQO@DF_HCQO(1.0),Healthcare quality and outcomes,I,CHL,Chile,A,Annual,ADMRASTH,Asthma hospital admission,10P5HB,Per 100 000 inhabitants,Y_GE15,15 years or over,_T,Total,OBS,Observed,2016,,18.6,,,,AGE_SEX_STANDARD,Age and sex standardised rate,,,1,One,,,,,,,0,Units
DATAFLOW,OECD.ELS.HD:DSD_HCQO@DF_HCQO(1.0),Healthcare quality and outcomes,I,CHL,Chile,A,Annual,ADMRASTH,Asthma hospital admission,10P5HB,Per 100 000 inhabitants,Y_GE15,15 years or over,M,Male,OBS,Observed,2016,,12.4,,,,AGE_STANDARD,Age standardised rate,,,1,One,,,,,,,0,Units
DATAFLOW,OECD.ELS.HD:DSD_HCQO@DF_HCQO(1.0),Healthcare quality and outcomes,I,GBR,United Kingdom,A,Annual,ADMRASTH,Asthma hospital admission,10P5HB,Per 100 000 inhabitants,Y_GE15,15 years or over,F,Female,OBS,Observed,2016,,100.8,,,,AGE_STANDARD,Age standardised rate,,,1,One,,,,,,,0,Units
DATAFLOW,OECD.ELS.HD:DSD_HCQO@DF_HCQO(1.0),Healthcare quality and outcomes,I,NLD,Netherlands,A,Annual,ADMRASTH,Asthma hospital admission,10P5HB,Per 100 000 inhabitants,Y_GE15,15 years or over,M,Male,OBS,Observed,2018,,19.8,,,,AGE_STANDARD,Age standardised rate,,,1,One,,,,,,,0,Units
DATAFLOW,OECD.ELS.HD:DSD_HCQO@DF_HCQO(1.0),Healthcare quality and outcomes,I,NLD,Netherlands,A,Annual,ADMRASTH,Asthma hospital admission,10P5HB,Per 100 000 inhabitants,Y_GE15,15 years or over,_T,Total,OBS,Observed,2016,,37.3,,,,AGE_SEX_STANDARD,Age and sex standardised rate,,,1,One,,,,,,,0,Units
DATAFLOW,OECD.ELS.HD:DSD_HCQO@DF_HCQO(1.0),Healthcare quality and outcomes,I,GBR,United Kingdom,A,Annual,ADMRASTH,Asthma hospital admission,10P5HB,Per 100 000 inhabitants,Y_GE15,15 years or over,_T,Total,OBS,Observed,2016,,72.7,,,,AGE_SEX_STANDARD,Age and sex standardised rate,,,1,One,,,,,,,0,Units
DATAFLOW,OECD.ELS.HD:DSD_HCQO@DF_HCQO(1.0),Healthcare quality and outcomes,I,LVA,Latvia,A,Annual,ADMRASTH,Asthma hospital admission,10P5HB,Per 100 000 inhabitants,Y_GE15,15 years or over,_T,Total,OBS,Observed,2016,,104.7,,,,AGE_SEX_STANDARD,Age and sex standardised rate,,,1,One,,,,,,,0,Units
DATAFLOW,OECD.ELS.HD:DSD_HCQO@DF_HCQO(1.0),Healthcare quality and outcomes,I,AUT,Austria,A,Annual,ADMRASTH,Asthma hospital admission,10P5HB,Per 100 000 inhabitants,Y_GE15,15 years or over,F,Female,OBS,Observed,2016,,27.7,,,,AGE_STANDARD,Age standardised rate,,,1,One,,,,,,,0,Units
DATAFLOW,OECD.ELS.HD:DSD_HCQO@DF_HCQO(1.0),Healthcare quality and outcomes,I,SGP,Singapore,A,Annual,ADMRASTH,Asthma hospital admission,10P5HB,Per 100 000 inhabitants,Y_GE15,15 years or over,M,Male,OBS,Observed,2016,,73.9,,,,AGE_STANDARD,Age standardised rate,,,1,One,,,,,,,0,Units
DATAFLOW,OECD.ELS.HD:DSD_HCQO@DF_HCQO(1.0),Healthcare quality and outcomes,I,SVK,Slovak Republic,A,Annual,ADMRASTH,Asthma hospital admission,10P5HB,Per 100 000 inhabitants,Y_GE15,15 years or over,M,Male,OBS,Observed,2016,,59,,,,AGE_STANDARD,Age standardised rate,,,1,One,,,,,,,0,Units
DATAFLOW,OECD.ELS.HD:DSD_HCQO@DF_HCQO(1.0),Healthcare quality and outcomes,I,CAN,Canada,A,Annual,ADMRASTH,Asthma hospital admission,10P5HB,Per 100 000 inhabitants,Y_GE15,15 years or over,F,Female,OBS,Observed,2016,,19.4,,,,AGE_STANDARD,Age standardised rate,,,1,One,,,,,,,0,Units
DATAFLOW,OECD.ELS.HD:DSD_HCQO@DF_HCQO(1.0),Healthcare quality and outcomes,I,TUR,Türkiye,A,Annual,ADMRASTH,Asthma hospital admission,10P5HB,Per 100 000 inhabitants,Y_GE15,15 years or over,M,Male,OBS,Observed,2016,,35,,,,AGE_STANDARD,Age standardised rate,,,1,One,,,,,,,0,Units
DATAFLOW,OECD.ELS.HD:DSD_HCQO@DF_HCQO(1.0),Healthcare quality and outcomes,I,DNK,Denmark,A,Annual,ADMRASTH,Asthma hospital admission,10P5HB,Per 100 000 inhabitants,Y_GE15,15 years or over,M,Male,OBS,Observed,2017,,39.4,,,,AGE_STANDARD,Age standardised rate,,,1,One,,,,,,,0,Units
DATAFLOW,OECD.ELS.HD:DSD_HCQO@DF_HCQO(1.0),Healthcare quality and outcomes,I,MEX,Mexico,A,Annual,ADMRASTH,Asthma hospital admission,10P5HB,Per 100 000 inhabitants,Y_GE15,15 years or over,_T,Total,OBS,Observed,2016,,9.3,,,,AGE_SEX_STANDARD,Age and sex standardised rate,,,1,One,,,,,,,0,Units
DATAFLOW,OECD.ELS.HD:DSD_HCQO@DF_HCQO(1.0),Healthcare quality and outcomes,I,ROU,Romania,A,Annual,ADMRASTH,Asthma hospital admission,10P5HB,Per 100 000 inhabitants,Y_GE15,15 years or over,F,Female,OBS,Observed,2016,,47.7,,,,AGE_STANDARD,Age standardised rate,,,1,One,,,,,,,0,Units
DATAFLOW,OECD.ELS.HD:DSD_HCQO@DF_HCQO(1.0),Healthcare quality and outcomes,I,POL,Poland,A,Annual,ADMRASTH,Asthma hospital admission,10P5HB,Per 100 000 inhabitants,Y_GE15,15 years or over,_T,Total,OBS,Observed,2017,,87,,,,AGE_SEX_STANDARD,Age and sex standardised rate,,,1,One,,,,,,,0,Units
DATAFLOW,OECD.ELS.HD:DSD_HCQO@DF_HCQO(1.0),Healthcare quality and outcomes,I,CZE,Czechia,A,Annual,ADMRASTH,Asthma hospital admission,10P5HB,Per 100 000 inhabitants,Y_GE15,15 years or over,_T,Total,OBS,Observed,2018,,28.6,,,,AGE_SEX_STANDARD,Age and sex standardised rate,,,1,One,,,,,,,0,Units
DATAFLOW,OECD.ELS.HD:DSD_HCQO@DF_HCQO(1.0),Healthcare quality and outcomes,I,LTU,Lithuania,A,Annual,ADMRASTH,Asthma hospital admission,10P5HB,Per 100 000 inhabitants,Y_GE15,15 years or over,F,Female,OBS,Observed,2016,,62.4,,,,AGE_STANDARD,Age standardised rate,,,1,One,,,,,,,0,Units
DATAFLOW,OECD.ELS.HD:DSD_HCQO@DF_HCQO(1.0),Healthcare quality and outcomes,I,AUS,Australia,A,Annual,ADMRASTH,Asthma hospital admission,10P5HB,Per 100 000 inhabitants,Y_GE15,15 years or over,F,Female,OBS,Observed,2018,,92.3,,,,AGE_STANDARD,Age standardised rate,,,1,One,,,,,,,0,Units
DATAFLOW,OECD.ELS.HD:DSD_HCQO@DF_HCQO(1.0),Healthcare quality and outcomes,I,MLT,Malta,A,Annual,ADMRASTH,Asthma hospital admission,10P5HB,Per 100 000 inhabitants,Y_GE15,15 years or over,F,Female,OBS,Observed,2016,,110.8,,,,AGE_STANDARD,Age standardised rate,,,1,One,,,,,,,0,Units
DATAFLOW,OECD.ELS.HD:DSD_HCQO@DF_HCQO(1.0),Healthcare quality and outcomes,I,CHL,Chile,A,Annual,ADMRASTH,Asthma hospital admission,10P5HB,Per 100 000 inhabitants,Y_GE15,15 years or over,F,Female,OBS,Observed,2016,,24.4,,,,AGE_STANDARD,Age standardised rate,,,1,One,,,,,,,0,Units
DATAFLOW,OECD.ELS.HD:DSD_HCQO@DF_HCQO(1.0),Healthcare quality and outcomes,I,JPN,Japan,A,Annual,ADMRASTH,Asthma hospital admission,10P5HB,Per 100 000 inhabitants,Y_GE15,15 years or over,_T,Total,OBS,Observed,2017,,2.4,,,,AGE_SEX_STANDARD,Age and sex standardised rate,,,1,One,,,,,,,0,Units
DATAFLOW,OECD.ELS.HD:DSD_HCQO@DF_HCQO(1.0),Healthcare quality and outcomes,I,ISR,Israel,A,Annual,ADMRASTH,Asthma hospital admission,10P5HB,Per 100 000 inhabitants,Y_GE15,15 years or over,M,Male,OBS,Observed,2018,,28.9,,,,AGE_STANDARD,Age standardised rate,,,1,One,,,,,,,0,Units
DATAFLOW,OECD.ELS.HD:DSD_HCQO@DF_HCQO(1.0),Healthcare quality and outcomes,I,HRV,Croatia,A,Annual,ADMRASTH,Asthma hospital admission,10P5HB,Per 100 000 inhabitants,Y_GE15,15 years or over,F,Female,OBS,Observed,2018,,12.1,,,,AGE_STANDARD,Age standardised rate,,,1,One,,,,,,,0,Units
DATAFLOW,OECD.ELS.HD:DSD_HCQO@DF_HCQO(1.0),Healthcare quality and outcomes,I,LUX,Luxembourg,A,Annual,ADMRASTH,Asthma hospital admission,10P5HB,Per 100 000 inhabitants,Y_GE15,15 years or over,M,Male,OBS,Observed,2018,,13.7,,,,AGE_STANDARD,Age standardised rate,,,1,One,,,,,,,0,Units
DATAFLOW,OECD.ELS.HD:DSD_HCQO@DF_HCQO(1.0),Healthcare quality and outcomes,I,KOR,Korea,A,Annual,ADMRASTH,Asthma hospital admission,10P5HB,Per 100 000 inhabitants,Y_GE15,15 years or over,_T,Total,OBS,Observed,2016,,91.4,,,,AGE_SEX_STANDARD,Age and sex standardised rate,,,1,One,,,,,,,0,Units
DATAFLOW,OECD.ELS.HD:DSD_HCQO@DF_HCQO(1.0),Healthcare quality and outcomes,I,SVK,Slovak Republic,A,Annual,ADMRASTH,Asthma hospital admission,10P5HB,Per 100 000 inhabitants,Y_GE15,15 years or over,_T,Total,OBS,Observed,2016,,86.7,,,,AGE_SEX_STANDARD,Age and sex standardised rate,,,1,One,,,,,,,0,Units
DATAFLOW,OECD.ELS.HD:DSD_HCQO@DF_HCQO(1.0),Healthcare quality and outcomes,I,LUX,Luxembourg,A,Annual,ADMRASTH,Asthma hospital admission,10P5HB,Per 100 000 inhabitants,Y_GE15,15 years or over,F,Female,OBS,Observed,2018,,17.9,,,,AGE_STANDARD,Age standardised rate,,,1,One,,,,,,,0,Units
DATAFLOW,OECD.ELS.HD:DSD_HCQO@DF_HCQO(1.0),Healthcare quality and outcomes,I,CRI,Costa Rica,A,Annual,ADMRASTH,Asthma hospital admission,10P5HB,Per 100 000 inhabitants,Y_GE15,15 years or over,_T,Total,OBS,Observed,2016,,30.1,,,,AGE_SEX_STANDARD,Age and sex standardised rate,,,1,One,,,,,,,0,Units
DATAFLOW,OECD.ELS.HD:DSD_HCQO@DF_HCQO(1.0),Healthcare quality and outcomes,I,MEX,Mexico,A,Annual,ADMRASTH,Asthma hospital admission,10P5HB,Per 100 000 inhabitants,Y_GE15,15 years or over,M,Male,OBS,Observed,2017,,4.9,,,,AGE_STANDARD,Age standardised rate,,,1,One,,,,,,,0,Units
DATAFLOW,OECD.ELS.HD:DSD_HCQO@DF_HCQO(1.0),Healthcare quality and outcomes,I,CZE,Czechia,A,Annual,ADMRASTH,Asthma hospital admission,10P5HB,Per 100 000 inhabitants,Y_GE15,15 years or over,M,Male,OBS,Observed,2016,,20.8,,,,AGE_STANDARD,Age standardised rate,,,1,One,,,,,,,0,Units
DATAFLOW,OECD.ELS.HD:DSD_HCQO@DF_HCQO(1.0),Healthcare quality and outcomes,I,BEL,Belgium,A,Annual,ADMRASTH,Asthma hospital admission,10P5HB,Per 100 000 inhabitants,Y_GE15,15 years or over,_T,Total,OBS,Observed,2018,,27.7,,,,AGE_SEX_STANDARD,Age and sex standardised rate,,,1,One,,,,,,,0,Units
DATAFLOW,OECD.ELS.HD:DSD_HCQO@DF_HCQO(1.0),Healthcare quality and outcomes,I,JPN,Japan,A,Annual,ADMRASTH,Asthma hospital admission,10P5HB,Per 100 000 inhabitants,Y_GE15,15 years or over,M,Male,OBS,Observed,2017,,1.8,,,,AGE_STANDARD,Age standardised rate,,,1,One,,,,,,,0,Units
DATAFLOW,OECD.ELS.HD:DSD_HCQO@DF_HCQO(1.0),Healthcare quality and outcomes,I,ITA,Italy,A,Annual,ADMRASTH,Asthma hospital admission,10P5HB,Per 100 000 inhabitants,Y_GE15,15 years or over,F,Female,OBS,Observed,2016,,12.1,,,,AGE_STANDARD,Age standardised rate,,,1,One,,,,,,,0,Units
DATAFLOW,OECD.ELS.HD:DSD_HCQO@DF_HCQO(1.0),Healthcare quality and outcomes,I,NOR,Norway,A,Annual,ADMRASTH,Asthma hospital admission,10P5HB,Per 100 000 inhabitants,Y_GE15,15 years or over,M,Male,OBS,Observed,2016,,17.3,,,,AGE_STANDARD,Age standardised rate,,,1,One,,,,,,,0,Units
DATAFLOW,OECD.ELS.HD:DSD_HCQO@DF_HCQO(1.0),Healthcare quality and outcomes,I,PRT,Portugal,A,Annual,ADMRASTH,Asthma hospital admission,10P5HB,Per 100 000 inhabitants,Y_GE15,15 years or over,_T,Total,OBS,Observed,2016,,16.2,,,,AGE_SEX_STANDARD,Age and sex standardised rate,,,1,One,,,,,,,0,Units
DATAFLOW,OECD.ELS.HD:DSD_HCQO@DF_HCQO(1.0),Healthcare quality and outcomes,I,IRL,Ireland,A,Annual,ADMRASTH,Asthma hospital admission,10P5HB,Per 100 000 inhabitants,Y_GE15,15 years or over,M,Male,OBS,Observed,2016,,30.3,,,,AGE_STANDARD,Age standardised rate,,,1,One,,,,,,,0,Units
DATAFLOW,OECD.ELS.HD:DSD_HCQO@DF_HCQO(1.0),Healthcare quality and outcomes,I,CAN,Canada,A,Annual,ADMRASTH,Asthma hospital admission,10P5HB,Per 100 000 inhabitants,Y_GE15,15 years or over,M,Male,OBS,Observed,2018,,9.1,,,,AGE_STANDARD,Age standardised rate,,,1,One,,,,,,,0,Units
DATAFLOW,OECD.ELS.HD:DSD_HCQO@DF_HCQO(1.0),Healthcare quality and outcomes,I,ESP,Spain,A,Annual,ADMRASTH,Asthma hospital admission,10P5HB,Per 100 000 inhabitants,Y_GE15,15 years or over,_T,Total,OBS,Observed,2016,,34.1,,,,AGE_SEX_STANDARD,Age and sex standardised rate,,,1,One,,,,,,,0,Units
DATAFLOW,OECD.ELS.HD:DSD_HCQO@DF_HCQO(1.0),Healthcare quality and outcomes,I,DNK,Denmark,A,Annual,ADMRASTH,Asthma hospital admission,10P5HB,Per 100 000 inhabitants,Y_GE15,15 years or over,_T,Total,OBS,Observed,2016,,60.6,,,,AGE_SEX_STANDARD,Age and sex standardised rate,,,1,One,,,,,,,0,Units
DATAFLOW,OECD.ELS.HD:DSD_HCQO@DF_HCQO(1.0),Healthcare quality and outcomes,I,NLD,Netherlands,A,Annual,ADMRASTH,Asthma hospital admission,10P5HB,Per 100 000 inhabitants,Y_GE15,15 years or over,F,Female,OBS,Observed,2016,,51.4,,,,AGE_STANDARD,Age standardised rate,,,1,One,,,,,,,0,Units
DATAFLOW,OECD.ELS.HD:DSD_HCQO@DF_HCQO(1.0),Healthcare quality and outcomes,I,DNK,Denmark,A,Annual,ADMRASTH,Asthma hospital admission,10P5HB,Per 100 000 inhabitants,Y_GE15,15 years or over,F,Female,OBS,Observed,2016,,81.5,,,,AGE_STANDARD,Age standardised rate,,,1,One,,,,,,,0,Units
DATAFLOW,OECD.ELS.HD:DSD_HCQO@DF_HCQO(1.0),Healthcare quality and outcomes,I,COL,Colombia,A,Annual,ADMRASTH,Asthma hospital admission,10P5HB,Per 100 000 inhabitants,Y_GE15,15 years or over,_T,Total,OBS,Observed,2016,,8.3,,,,AGE_SEX_STANDARD,Age and sex standardised rate,,,1,One,,,,,,,0,Units
DATAFLOW,OECD.ELS.HD:DSD_HCQO@DF_HCQO(1.0),Healthcare quality and outcomes,I,NOR,Norway,A,Annual,ADMRASTH,Asthma hospital admission,10P5HB,Per 100 000 inhabitants,Y_GE15,15 years or over,F,Female,OBS,Observed,2016,,34.3,,,,AGE_STANDARD,Age standardised rate,,,1,One,,,,,,,0,Units
DATAFLOW,OECD.ELS.HD:DSD_HCQO@DF_HCQO(1.0),Healthcare quality and outcomes,I,DEU,Germany,A,Annual,ADMRASTH,Asthma hospital admission,10P5HB,Per 100 000 inhabitants,Y_GE15,15 years or over,M,Male,OBS,Observed,2017,,22.3,,,,AGE_STANDARD,Age standardised rate,,,1,One,,,,,,,0,Units
DATAFLOW,OECD.ELS.HD:DSD_HCQO@DF_HCQO(1.0),Healthcare quality and outcomes,I,CHE,Switzerland,A,Annual,ADMRASTH,Asthma hospital admission,10P5HB,Per 100 000 inhabitants,Y_GE15,15 years or over,_T,Total,OBS,Observed,2016,,28.1,,,,AGE_SEX_STANDARD,Age and sex standardised rate,,,1,One,,,,,,,0,Units
DATAFLOW,OECD.ELS.HD:DSD_HCQO@DF_HCQO(1.0),Healthcare quality and outcomes,I,LUX,Luxembourg,A,Annual,ADMRASTH,Asthma hospital admission,10P5HB,Per 100 000 inhabitants,Y_GE15,15 years or over,_T,Total,OBS,Observed,2018,,16.3,,,,AGE_SEX_STANDARD,Age and sex standardised rate,,,1,One,,,,,,,0,Units
DATAFLOW,OECD.ELS.HD:DSD_HCQO@DF_HCQO(1.0),Healthcare quality and outcomes,I,SVN,Slovenia,A,Annual,ADMRASTH,Asthma hospital admission,10P5HB,Per 100 000 inhabitants,Y_GE15,15 years or over,M,Male,OBS,Observed,2016,,32.1,,,,AGE_STANDARD,Age standardised rate,,,1,One,,,,,,,0,Units
DATAFLOW,OECD.ELS.HD:DSD_HCQO@DF_HCQO(1.0),Healthcare quality and outcomes,I,AUS,Australia,A,Annual,ADMRASTH,Asthma hospital admission,10P5HB,Per 100 000 inhabitants,Y_GE15,15 years or over,M,Male,OBS,Observed,2016,,39.5,,,,AGE_STANDARD,Age standardised rate,,,1,One,,,,,,,0,Units
DATAFLOW,OECD.ELS.HD:DSD_HCQO@DF_HCQO(1.0),Healthcare quality and outcomes,I,HRV,Croatia,A,Annual,ADMRASTH,Asthma hospital admission,10P5HB,Per 100 000 inhabitants,Y_GE15,15 years or over,M,Male,OBS,Observed,2018,,7.5,,,,AGE_STANDARD,Age standardised rate,,,1,One,,,,,,,0,Units
DATAFLOW,OECD.ELS.HD:DSD_HCQO@DF_HCQO(1.0),Healthcare quality and outcomes,I,EST,Estonia,A,Annual,ADMRASTH,Asthma hospital admission,10P5HB,Per 100 000 inhabitants,Y_GE15,15 years or over,_T,Total,OBS,Observed,2016,,33.4,,,,AGE_SEX_STANDARD,Age and sex standardised rate,,,1,One,,,,,,,0,Units
DATAFLOW,OECD.ELS.HD:DSD_HCQO@DF_HCQO(1.0),Healthcare quality and outcomes,I,COL,Colombia,A,Annual,ADMRASTH,Asthma hospital admission,10P5HB,Per 100 000 inhabitants,Y_GE15,15 years or over,M,Male,OBS,Observed,2016,,5.9,,,,AGE_STANDARD,Age standardised rate,,,1,One,,,,,,,0,Units
DATAFLOW,OECD.ELS.HD:DSD_HCQO@DF_HCQO(1.0),Healthcare quality and outcomes,I,DEU,Germany,A,Annual,ADMRASTH,Asthma hospital admission,10P5HB,Per 100 000 inhabitants,Y_GE15,15 years or over,F,Female,OBS,Observed,2017,,37.7,,,,AGE_STANDARD,Age standardised rate,,,1,One,,,,,,,0,Units
DATAFLOW,OECD.ELS.HD:DSD_HCQO@DF_HCQO(1.0),Healthcare quality and outcomes,I,SWE,Sweden,A,Annual,ADMRASTH,Asthma hospital admission,10P5HB,Per 100 000 inhabitants,Y_GE15,15 years or over,F,Female,OBS,Observed,2016,,23.7,,,,AGE_STANDARD,Age standardised rate,,,1,One,,,,,,,0,Units
DATAFLOW,OECD.ELS.HD:DSD_HCQO@DF_HCQO(1.0),Healthcare quality and outcomes,I,USA,United States,A,Annual,ADMRASTH,Asthma hospital admission,10P5HB,Per 100 000 inhabitants,Y_GE15,15 years or over,_T,Total,OBS,Observed,2016,,39.5,,,,AGE_SEX_STANDARD,Age and sex standardised rate,,,1,One,B,Time series break,,,,,0,Units
DATAFLOW,OECD.ELS.HD:DSD_HCQO@DF_HCQO(1.0),Healthcare quality and outcomes,I,USA,United States,A,Annual,ADMRASTH,Asthma hospital admission,10P5HB,Per 100 000 inhabitants,Y_GE15,15 years or over,F,Female,OBS,Observed,2018,,53,,,,AGE_STANDARD,Age standardised rate,,,1,One,,,,,,,0,Units
DATAFLOW,OECD.ELS.HD:DSD_HCQO@DF_HCQO(1.0),Healthcare quality and outcomes,I,ISR,Israel,A,Annual,ADMRASTH,Asthma hospital admission,10P5HB,Per 100 000 inhabitants,Y_GE15,15 years or over,_T,Total,OBS,Observed,2016,,47.8,,,,AGE_SEX_STANDARD,Age and sex standardised rate,,,1,One,,,,,,,0,Units
DATAFLOW,OECD.ELS.HD:DSD_HCQO@DF_HCQO(1.0),Healthcare quality and outcomes,I,FIN,Finland,A,Annual,ADMRASTH,Asthma hospital admission,10P5HB,Per 100 000 inhabitants,Y_GE15,15 years or over,_T,Total,OBS,Observed,2018,,43.6,,,,AGE_SEX_STANDARD,Age and sex standardised rate,,,1,One,,,,,,,0,Units
DATAFLOW,OECD.ELS.HD:DSD_HCQO@DF_HCQO(1.0),Healthcare quality and outcomes,I,MEX,Mexico,A,Annual,ADMRASTH,Asthma hospital admission,10P5HB,Per 100 000 inhabitants,Y_GE15,15 years or over,F,Female,OBS,Observed,2018,,10.5,,,,AGE_STANDARD,Age standardised rate,,,1,One,,,,,,,0,Units
DATAFLOW,OECD.ELS.HD:DSD_HCQO@DF_HCQO(1.0),Healthcare quality and outcomes,I,EST,Estonia,A,Annual,ADMRASTH,Asthma hospital admission,10P5HB,Per 100 000 inhabitants,Y_GE15,15 years or over,M,Male,OBS,Observed,2016,,26.7,,,,AGE_STANDARD,Age standardised rate,,,1,One,,,,,,,0,Units
DATAFLOW,OECD.ELS.HD:DSD_HCQO@DF_HCQO(1.0),Healthcare quality and outcomes,I,ROU,Romania,A,Annual,ADMRASTH,Asthma hospital admission,10P5HB,Per 100 000 inhabitants,Y_GE15,15 years or over,_T,Total,OBS,Observed,2016,,36.1,,,,AGE_SEX_STANDARD,Age and sex standardised rate,,,1,One,,,,,,,0,Units
DATAFLOW,OECD.ELS.HD:DSD_HCQO@DF_HCQO(1.0),Healthcare quality and outcomes,I,TUR,Türkiye,A,Annual,ADMRASTH,Asthma hospital admission,10P5HB,Per 100 000 inhabitants,Y_GE15,15 years or over,F,Female,OBS,Observed,2016,,145.7,,,,AGE_STANDARD,Age standardised rate,,,1,One,,,,,,,0,Units
DATAFLOW,OECD.ELS.HD:DSD_HCQO@DF_HCQO(1.0),Healthcare quality and outcomes,I,IRL,Ireland,A,Annual,ADMRASTH,Asthma hospital admission,10P5HB,Per 100 000 inhabitants,Y_GE15,15 years or over,F,Female,OBS,Observed,2016,,57.5,,,,AGE_STANDARD,Age standardised rate,,,1,One,,,,,,,0,Units
DATAFLOW,OECD.ELS.HD:DSD_HCQO@DF_HCQO(1.0),Healthcare quality and outcomes,I,PRT,Portugal,A,Annual,ADMRASTH,Asthma hospital admission,10P5HB,Per 100 000 inhabitants,Y_GE15,15 years or over,M,Male,OBS,Observed,2016,,9.9,,,,AGE_STANDARD,Age standardised rate,,,1,One,,,,,,,0,Units
DATAFLOW,OECD.ELS.HD:DSD_HCQO@DF_HCQO(1.0),Healthcare quality and outcomes,I,ISR,Israel,A,Annual,ADMRASTH,Asthma hospital admission,10P5HB,Per 100 000 inhabitants,Y_GE15,15 years or over,F,Female,OBS,Observed,2016,,60.8,,,,AGE_STANDARD,Age standardised rate,,,1,One,,,,,,,0,Units
DATAFLOW,OECD.ELS.HD:DSD_HCQO@DF_HCQO(1.0),Healthcare quality and outcomes,I,BEL,Belgium,A,Annual,ADMRASTH,Asthma hospital admission,10P5HB,Per 100 000 inhabitants,Y_GE15,15 years or over,F,Female,OBS,Observed,2016,,38.8,,,,AGE_STANDARD,Age standardised rate,,,1,One,,,,,,,0,Units
DATAFLOW,OECD.ELS.HD:DSD_HCQO@DF_HCQO(1.0),Healthcare quality and outcomes,I,CZE,Czechia,A,Annual,ADMRASTH,Asthma hospital admission,10P5HB,Per 100 000 inhabitants,Y_GE15,15 years or over,F,Female,OBS,Observed,2016,,42.5,,,,AGE_STANDARD,Age standardised rate,,,1,One,,,,,,,0,Units
DATAFLOW,OECD.ELS.HD:DSD_HCQO@DF_HCQO(1.0),Healthcare quality and outcomes,I,POL,Poland,A,Annual,ADMRASTH,Asthma hospital admission,10P5HB,Per 100 000 inhabitants,Y_GE15,15 years or over,M,Male,OBS,Observed,2018,,62.6,,,,AGE_STANDARD,Age standardised rate,,,1,One,,,,,,,0,Units
DATAFLOW,OECD.ELS.HD:DSD_HCQO@DF_HCQO(1.0),Healthcare quality and outcomes,I,SWE,Sweden,A,Annual,ADMRASTH,Asthma hospital admission,10P5HB,Per 100 000 inhabitants,Y_GE15,15 years or over,M,Male,OBS,Observed,2018,,10.2,,,,AGE_STANDARD,Age standardised rate,,,1,One,,,,,,,0,Units
DATAFLOW,OECD.ELS.HD:DSD_HCQO@DF_HCQO(1.0),Healthcare quality and outcomes,I,AUT,Austria,A,Annual,ADMRASTH,Asthma hospital admission,10P5HB,Per 100 000 inhabitants,Y_GE15,15 years or over,M,Male,OBS,Observed,2018,,19.4,,,,AGE_STANDARD,Age standardised rate,,,1,One,,,,,,,0,Units
DATAFLOW,OECD.ELS.HD:DSD_HCQO@DF_HCQO(1.0),Healthcare quality and outcomes,I,SWE,Sweden,A,Annual,ADMRASTH,Asthma hospital admission,10P5HB,Per 100 000 inhabitants,Y_GE15,15 years or over,_T,Total,OBS,Observed,2016,,18.4,,,,AGE_SEX_STANDARD,Age and sex standardised rate,,,1,One,,,,,,,0,Units
DATAFLOW,OECD.ELS.HD:DSD_HCQO@DF_HCQO(1.0),Healthcare quality and outcomes,I,ESP,Spain,A,Annual,ADMRASTH,Asthma hospital admission,10P5HB,Per 100 000 inhabitants,Y_GE15,15 years or over,F,Female,OBS,Observed,2016,,49,,,,AGE_STANDARD,Age standardised rate,,,1,One,,,,,,,0,Units
DATAFLOW,OECD.ELS.HD:DSD_HCQO@DF_HCQO(1.0),Healthcare quality and outcomes,I,CRI,Costa Rica,A,Annual,ADMRASTH,Asthma hospital admission,10P5HB,Per 100 000 inhabitants,Y_GE15,15 years or over,F,Female,OBS,Observed,2016,,48.2,,,,AGE_STANDARD,Age standardised rate,,,1,One,,,,,,,0,Units
DATAFLOW,OECD.ELS.HD:DSD_HCQO@DF_HCQO(1.0),Healthcare quality and outcomes,I,IRL,Ireland,A,Annual,ADMRASTH,Asthma hospital admission,10P5HB,Per 100 000 inhabitants,Y_GE15,15 years or over,_T,Total,OBS,Observed,2016,,44.7,,,,AGE_SEX_STANDARD,Age and sex standardised rate,,,1,One,,,,,,,0,Units
DATAFLOW,OECD.ELS.HD:DSD_HCQO@DF_HCQO(1.0),Healthcare quality and outcomes,I,USA,United States,A,Annual,ADMRASTH,Asthma hospital admission,10P5HB,Per 100 000 inhabitants,Y_GE15,15 years or over,M,Male,OBS,Observed,2018,,20.5,,,,AGE_STANDARD,Age standardised rate,,,1,One,,,,,,,0,Units
DATAFLOW,OECD.ELS.HD:DSD_HCQO@DF_HCQO(1.0),Healthcare quality and outcomes,I,CRI,Costa Rica,A,Annual,ADMRASTH,Asthma hospital admission,10P5HB,Per 100 000 inhabitants,Y_GE15,15 years or over,M,Male,OBS,Observed,2016,,10.1,,,,AGE_STANDARD,Age standardised rate,,,1,One,,,,,,,0,Units
DATAFLOW,OECD.ELS.HD:DSD_HCQO@DF_HCQO(1.0),Healthcare quality and outcomes,I,DEU,Germany,A,Annual,ADMRASTH,Asthma hospital admission,10P5HB,Per 100 000 inhabitants,Y_GE15,15 years or over,_T,Total,OBS,Observed,2017,,30.4,,,,AGE_SEX_STANDARD,Age and sex standardised rate,,,1,One,,,,,,,0,Units
DATAFLOW,OECD.ELS.HD:DSD_HCQO@DF_HCQO(1.0),Healthcare quality and outcomes,I,CHE,Switzerland,A,Annual,ADMRASTH,Asthma hospital admission,10P5HB,Per 100 000 inhabitants,Y_GE15,15 years or over,M,Male,OBS,Observed,2016,,20.3,,,,AGE_STANDARD,Age standardised rate,,,1,One,,,,,,,0,Units
DATAFLOW,OECD.ELS.HD:DSD_HCQO@DF_HCQO(1.0),Healthcare quality and outcomes,I,CHE,Switzerland,A,Annual,ADMRASTH,Asthma hospital admission,10P5HB,Per 100 000 inhabitants,Y_GE15,15 years or over,F,Female,OBS,Observed,2016,,35.3,,,,AGE_STANDARD,Age standardised rate,,,1,One,,,,,,,0,Units
DATAFLOW,OECD.ELS.HD:DSD_HCQO@DF_HCQO(1.0),Healthcare quality and outcomes,I,BEL,Belgium,A,Annual,ADMRASTH,Asthma hospital admission,10P5HB,Per 100 000 inhabitants,Y_GE15,15 years or over,M,Male,OBS,Observed,2016,,23.5,,,,AGE_STANDARD,Age standardised rate,,,1,One,,,,,,,0,Units
DATAFLOW,OECD.ELS.HD:DSD_HCQO@DF_HCQO(1.0),Healthcare quality and outcomes,I,SVK,Slovak Republic,A,Annual,ADMRASTH,Asthma hospital admission,10P5HB,Per 100 000 inhabitants,Y_GE15,15 years or over,F,Female,OBS,Observed,2016,,112.1,,,,AGE_STANDARD,Age standardised rate,,,1,One,,,,,,,0,Units
DATAFLOW,OECD.ELS.HD:DSD_HCQO@DF_HCQO(1.0),Healthcare quality and outcomes,I,HRV,Croatia,A,Annual,ADMRASTH,Asthma hospital admission,10P5HB,Per 100 000 inhabitants,Y_GE15,15 years or over,_T,Total,OBS,Observed,2018,,10,,,,AGE_SEX_STANDARD,Age and sex standardised rate,,,1,One,,,,,,,0,Units
DATAFLOW,OECD.ELS.HD:DSD_HCQO@DF_HCQO(1.0),Healthcare quality and outcomes,I,SVN,Slovenia,A,Annual,ADMRASTH,Asthma hospital admission,10P5HB,Per 100 000 inhabitants,Y_GE15,15 years or over,F,Female,OBS,Observed,2016,,38.8,,,,AGE_STANDARD,Age standardised rate,,,1,One,,,,,,,0,Units
DATAFLOW,OECD.ELS.HD:DSD_HCQO@DF_HCQO(1.0),Healthcare quality and outcomes,I,CAN,Canada,A,Annual,ADMRASTH,Asthma hospital admission,10P5HB,Per 100 000 inhabitants,Y_GE15,15 years or over,_T,Total,OBS,Observed,2016,,14.4,,,,AGE_SEX_STANDARD,Age and sex standardised rate,,,1,One,,,,,,,0,Units
DATAFLOW,OECD.ELS.HD:DSD_HCQO@DF_HCQO(1.0),Healthcare quality and outcomes,I,ISL,Iceland,A,Annual,ADMRASTH,Asthma hospital admission,10P5HB,Per 100 000 inhabitants,Y_GE15,15 years or over,_T,Total,OBS,Observed,2016,,10.8,,,,AGE_SEX_STANDARD,Age and sex standardised rate,,,1,One,,,,,,,0,Units
DATAFLOW,OECD.ELS.HD:DSD_HCQO@DF_HCQO(1.0),Healthcare quality and outcomes,I,GBR,United Kingdom,A,Annual,ADMRASTH,Asthma hospital admission,10P5HB,Per 100 000 inhabitants,Y_GE15,15 years or over,M,Male,OBS,Observed,2016,,42.6,,,,AGE_STANDARD,Age standardised rate,,,1,One,,,,,,,0,Units
DATAFLOW,OECD.ELS.HD:DSD_HCQO@DF_HCQO(1.0),Healthcare quality and outcomes,I,LVA,Latvia,A,Annual,ADMRASTH,Asthma hospital admission,10P5HB,Per 100 000 inhabitants,Y_GE15,15 years or over,F,Female,OBS,Observed,2016,,118,,,,AGE_STANDARD,Age standardised rate,,,1,One,,,,,,,0,Units
DATAFLOW,OECD.ELS.HD:DSD_HCQO@DF_HCQO(1.0),Healthcare quality and outcomes,I,AUT,Austria,A,Annual,ADMRASTH,Asthma hospital admission,10P5HB,Per 100 000 inhabitants,Y_GE15,15 years or over,_T,Total,OBS,Observed,2016,,24.5,,,,AGE_SEX_STANDARD,Age and sex standardised rate,,,1,One,,,,,,,0,Units
DATAFLOW,OECD.ELS.HD:DSD_HCQO@DF_HCQO(1.0),Healthcare quality and outcomes,I,COL,Colombia,A,Annual,ADMRASTH,Asthma hospital admission,10P5HB,Per 100 000 inhabitants,Y_GE15,15 years or over,F,Female,OBS,Observed,2016,,10.8,,,,AGE_STANDARD,Age standardised rate,,,1,One,,,,,,,0,Units
DATAFLOW,OECD.ELS.HD:DSD_HCQO@DF_HCQO(1.0),Healthcare quality and outcomes,I,FIN,Finland,A,Annual,ADMRASTH,Asthma hospital admission,10P5HB,Per 100 000 inhabitants,Y_GE15,15 years or over,M,Male,OBS,Observed,2016,,31.4,,,,AGE_STANDARD,Age standardised rate,,,1,One,,,,,,,0,Units
DATAFLOW,OECD.ELS.HD:DSD_HCQO@DF_HCQO(1.0),Healthcare quality and outcomes,I,EST,Estonia,A,Annual,ADMRASTH,Asthma hospital admission,10P5HB,Per 100 000 inhabitants,Y_GE15,15 years or over,F,Female,OBS,Observed,2016,,38.6,,,,AGE_STANDARD,Age standardised rate,,,1,One,,,,,,,0,Units
DATAFLOW,OECD.ELS.HD:DSD_HCQO@DF_HCQO(1.0),Healthcare quality and outcomes,I,ESP,Spain,A,Annual,ADMRASTH,Asthma hospital admission,10P5HB,Per 100 000 inhabitants,Y_GE15,15 years or over,M,Male,OBS,Observed,2016,,15.6,,,,AGE_STANDARD,Age standardised rate,,,1,One,,,,,,,0,Units
DATAFLOW,OECD.ELS.HD:DSD_HCQO@DF_HCQO(1.0),Healthcare quality and outcomes,I,LVA,Latvia,A,Annual,ADMRASTH,Asthma hospital admission,10P5HB,Per 100 000 inhabitants,Y_GE15,15 years or over,M,Male,OBS,Observed,2016,,90.5,,,,AGE_STANDARD,Age standardised rate,,,1,One,,,,,,,0,Units
DATAFLOW,OECD.ELS.HD:DSD_HCQO@DF_HCQO(1.0),Healthcare quality and outcomes,I,ITA,Italy,A,Annual,ADMRASTH,Asthma hospital admission,10P5HB,Per 100 000 inhabitants,Y_GE15,15 years or over,_T,Total,OBS,Observed,2016,,9.9,,,,AGE_SEX_STANDARD,Age and sex standardised rate,,,1,One,,,,,,,0,Units
DATAFLOW,OECD.ELS.HD:DSD_HCQO@DF_HCQO(1.0),Healthcare quality and outcomes,I,KOR,Korea,A,Annual,ADMRASTH,Asthma hospital admission,10P5HB,Per 100 000 inhabitants,Y_GE15,15 years or over,F,Female,OBS,Observed,2016,,106.1,,,,AGE_STANDARD,Age standardised rate,,,1,One,,,,,,,0,Units
DATAFLOW,OECD.ELS.HD:DSD_HCQO@DF_HCQO(1.0),Healthcare quality and outcomes,I,NOR,Norway,A,Annual,ADMRASTH,Asthma hospital admission,10P5HB,Per 100 000 inhabitants,Y_GE15,15 years or over,_T,Total,OBS,Observed,2016,,26.3,,,,AGE_SEX_STANDARD,Age and sex standardised rate,,,1,One,,,,,,,0,Units
DATAFLOW,OECD.ELS.HD:DSD_HCQO@DF_HCQO(1.0),Healthcare quality and outcomes,I,KOR,Korea,A,Annual,ADMRASTH,Asthma hospital admission,10P5HB,Per 100 000 inhabitants,Y_GE15,15 years or over,M,Male,OBS,Observed,2016,,74.6,,,,AGE_STANDARD,Age standardised rate,,,1,One,,,,,,,0,Units
DATAFLOW,OECD.ELS.HD:DSD_HCQO@DF_HCQO(1.0),Healthcare quality and outcomes,I,PRT,Portugal,A,Annual,ADMRASTH,Asthma hospital admission,10P5HB,Per 100 000 inhabitants,Y_GE15,15 years or over,F,Female,OBS,Observed,2016,,21.6,,,,AGE_STANDARD,Age standardised rate,,,1,One,,,,,,,0,Units
DATAFLOW,OECD.ELS.HD:DSD_HCQO@DF_HCQO(1.0),Healthcare quality and outcomes,I,ROU,Romania,A,Annual,ADMRASTH,Asthma hospital admission,10P5HB,Per 100 000 inhabitants,Y_GE15,15 years or over,M,Male,OBS,Observed,2016,,23.2,,,,AGE_STANDARD,Age standardised rate,,,1,One,,,,,,,0,Units
DATAFLOW,OECD.ELS.HD:DSD_HCQO@DF_HCQO(1.0),Healthcare quality and outcomes,I,JPN,Japan,A,Annual,ADMRASTH,Asthma hospital admission,10P5HB,Per 100 000 inhabitants,Y_GE15,15 years or over,F,Female,OBS,Observed,2017,,3,,,,AGE_STANDARD,Age standardised rate,,,1,One,,,,,,,0,Units
DATAFLOW,OECD.ELS.HD:DSD_HCQO@DF_HCQO(1.0),Healthcare quality and outcomes,I,SGP,Singapore,A,Annual,ADMRASTH,Asthma hospital admission,10P5HB,Per 100 000 inhabitants,Y_GE15,15 years or over,F,Female,OBS,Observed,2016,,133.9,,,,AGE_STANDARD,Age standardised rate,,,1,One,,,,,,,0,Units
DATAFLOW,OECD.ELS.HD:DSD_HCQO@DF_HCQO(1.0),Healthcare quality and outcomes,I,LTU,Lithuania,A,Annual,ADMRASTH,Asthma hospital admission,10P5HB,Per 100 000 inhabitants,Y_GE15,15 years or over,M,Male,OBS,Observed,2016,,50.3,,,,AGE_STANDARD,Age standardised rate,,,1,One,,,,,,,0,Units
DATAFLOW,OECD.ELS.HD:DSD_HCQO@DF_HCQO(1.0),Healthcare quality and outcomes,I,MLT,Malta,A,Annual,ADMRASTH,Asthma hospital admission,10P5HB,Per 100 000 inhabitants,Y_GE15,15 years or over,M,Male,OBS,Observed,2016,,45.1,,,,AGE_STANDARD,Age standardised rate,,,1,One,,,,,,,0,Units
DATAFLOW,OECD.ELS.HD:DSD_HCQO@DF_HCQO(1.0),Healthcare quality and outcomes,I,LTU,Lithuania,A,Annual,ADMRASTH,Asthma hospital admission,10P5HB,Per 100 000 inhabitants,Y_GE15,15 years or over,_T,Total,OBS,Observed,2016,,56.5,,,,AGE_SEX_STANDARD,Age and sex standardised rate,,,1,One,,,,,,,0,Units
DATAFLOW,OECD.ELS.HD:DSD_HCQO@DF_HCQO(1.0),Healthcare quality and outcomes,I,FIN,Finland,A,Annual,ADMRASTH,Asthma hospital admission,10P5HB,Per 100 000 inhabitants,Y_GE15,15 years or over,F,Female,OBS,Observed,2016,,61.3,,,,AGE_STANDARD,Age standardised rate,,,1,One,,,,,,,0,Units
DATAFLOW,OECD.ELS.HD:DSD_HCQO@DF_HCQO(1.0),Healthcare quality and outcomes,I,SVN,Slovenia,A,Annual,ADMRASTH,Asthma hospital admission,10P5HB,Per 100 000 inhabitants,Y_GE15,15 years or over,_T,Total,OBS,Observed,2016,,35.2,,,,AGE_SEX_STANDARD,Age and sex standardised rate,,,1,One,,,,,,,0,Units
DATAFLOW,OECD.ELS.HD:DSD_HCQO@DF_HCQO(1.0),Healthcare quality and outcomes,I,ISL,Iceland,A,Annual,ADMRASTH,Asthma hospital admission,10P5HB,Per 100 000 inhabitants,Y_GE15,15 years or over,M,Male,OBS,Observed,2018,,9.6,,,,AGE_STANDARD,Age standardised rate,,,1,One,,,,,,,0,Units
